state_name,domain_desc,prodn_practice_desc,end_code,week_ending,location_desc,country_code,year,county_code,statisticcat_desc,agg_level_desc,county_ansi,CV (%),short_desc,asd_code,commodity_desc,asd_desc,domaincat_desc,freq_desc,country_name,load_time,state_fips_code,class_desc,county_name,group_desc,Value,sector_desc,unit_desc,watershed_code,reference_period_desc,zip_5,state_ansi,util_practice_desc,begin_code,source_desc,congr_district_code,state_alpha,watershed_desc,region_desc
VIRGINIA,TOTAL,ALL PRODUCTION PRACTICES,01,,VIRGINIA,9000,2018,,SLAUGHTERED,STATE,,,"TURKEYS, YOUNG, SLAUGHTER, FI - SLAUGHTERED, MEASURED IN HEAD",,TURKEYS,,NOT SPECIFIED,MONTHLY,UNITED STATES,2018-03-26 15:01:24,51,YOUNG,,POULTRY,"2,409,000",ANIMALS & PRODUCTS,HEAD,00000000,JAN,,51,"SLAUGHTER, FI",01,SURVEY,,VA,,
VIRGINIA,TOTAL,ALL PRODUCTION PRACTICES,02,,VIRGINIA,9000,2018,,SLAUGHTERED,STATE,,,"TURKEYS, YOUNG, SLAUGHTER, FI - SLAUGHTERED, MEASURED IN HEAD",,TURKEYS,,NOT SPECIFIED,MONTHLY,UNITED STATES,2018-04-25 15:00:37,51,YOUNG,,POULTRY,"2,108,000",ANIMALS & PRODUCTS,HEAD,00000000,FEB,,51,"SLAUGHTER, FI",02,SURVEY,,VA,,
VIRGINIA,TOTAL,ALL PRODUCTION PRACTICES,03,,VIRGINIA,9000,2018,,SLAUGHTERED,STATE,,,"TURKEYS, YOUNG, SLAUGHTER, FI - SLAUGHTERED, MEASURED IN HEAD",,TURKEYS,,NOT SPECIFIED,MONTHLY,UNITED STATES,2018-05-25 12:00:57,51,YOUNG,,POULTRY,"2,180,000",ANIMALS & PRODUCTS,HEAD,00000000,MAR,,51,"SLAUGHTER, FI",03,SURVEY,,VA,,
VIRGINIA,TOTAL,ALL PRODUCTION PRACTICES,04,,VIRGINIA,9000,2018,,SLAUGHTERED,STATE,,,"TURKEYS, YOUNG, SLAUGHTER, FI - SLAUGHTERED, MEASURED IN HEAD",,TURKEYS,,NOT SPECIFIED,MONTHLY,UNITED STATES,2018-06-25 15:00:50,51,YOUNG,,POULTRY,"2,270,000",ANIMALS & PRODUCTS,HEAD,00000000,APR,,51,"SLAUGHTER, FI",04,SURVEY,,VA,,
VIRGINIA,TOTAL,ALL PRODUCTION PRACTICES,05,,VIRGINIA,9000,2018,,SLAUGHTERED,STATE,,,"TURKEYS, YOUNG, SLAUGHTER, FI - SLAUGHTERED, MEASURED IN HEAD",,TURKEYS,,NOT SPECIFIED,MONTHLY,UNITED STATES,2018-07-25 15:06:52,51,YOUNG,,POULTRY,"2,303,000",ANIMALS & PRODUCTS,HEAD,00000000,MAY,,51,"SLAUGHTER, FI",05,SURVEY,,VA,,
VIRGINIA,TOTAL,ALL PRODUCTION PRACTICES,06,,VIRGINIA,9000,2018,,SLAUGHTERED,STATE,,,"TURKEYS, YOUNG, SLAUGHTER, FI - SLAUGHTERED, MEASURED IN HEAD",,TURKEYS,,NOT SPECIFIED,MONTHLY,UNITED STATES,2018-08-24 15:02:01,51,YOUNG,,POULTRY,"2,091,000",ANIMALS & PRODUCTS,HEAD,00000000,JUN,,51,"SLAUGHTER, FI",06,SURVEY,,VA,,
VIRGINIA,TOTAL,ALL PRODUCTION PRACTICES,07,,VIRGINIA,9000,2018,,SLAUGHTERED,STATE,,,"TURKEYS, YOUNG, SLAUGHTER, FI - SLAUGHTERED, MEASURED IN HEAD",,TURKEYS,,NOT SPECIFIED,MONTHLY,UNITED STATES,2018-09-25 15:00:37,51,YOUNG,,POULTRY,"2,292,000",ANIMALS & PRODUCTS,HEAD,00000000,JUL,,51,"SLAUGHTER, FI",07,SURVEY,,VA,,
VIRGINIA,TOTAL,ALL PRODUCTION PRACTICES,08,,VIRGINIA,9000,2018,,SLAUGHTERED,STATE,,,"TURKEYS, YOUNG, SLAUGHTER, FI - SLAUGHTERED, MEASURED IN HEAD",,TURKEYS,,NOT SPECIFIED,MONTHLY,UNITED STATES,2018-10-25 15:06:05,51,YOUNG,,POULTRY,"2,359,000",ANIMALS & PRODUCTS,HEAD,00000000,AUG,,51,"SLAUGHTER, FI",08,SURVEY,,VA,,
VIRGINIA,TOTAL,ALL PRODUCTION PRACTICES,09,,VIRGINIA,9000,2018,,SLAUGHTERED,STATE,,,"TURKEYS, YOUNG, SLAUGHTER, FI - SLAUGHTERED, MEASURED IN HEAD",,TURKEYS,,NOT SPECIFIED,MONTHLY,UNITED STATES,2018-11-26 15:00:41,51,YOUNG,,POULTRY,"1,903,000",ANIMALS & PRODUCTS,HEAD,00000000,SEP,,51,"SLAUGHTER, FI",09,SURVEY,,VA,,
VIRGINIA,TOTAL,ALL PRODUCTION PRACTICES,10,,VIRGINIA,9000,2018,,SLAUGHTERED,STATE,,,"TURKEYS, YOUNG, SLAUGHTER, FI - SLAUGHTERED, MEASURED IN HEAD",,TURKEYS,,NOT SPECIFIED,MONTHLY,UNITED STATES,2018-11-26 15:00:41,51,YOUNG,,POULTRY,"2,567,000",ANIMALS & PRODUCTS,HEAD,00000000,OCT,,51,"SLAUGHTER, FI",10,SURVEY,,VA,,
VIRGINIA,TOTAL,ALL PRODUCTION PRACTICES,01,,VIRGINIA,9000,2017,,SLAUGHTERED,STATE,,,"TURKEYS, YOUNG, SLAUGHTER, FI - SLAUGHTERED, MEASURED IN HEAD",,TURKEYS,,NOT SPECIFIED,MONTHLY,UNITED STATES,2018-02-26 15:03:15,51,YOUNG,,POULTRY,"2,201,000",ANIMALS & PRODUCTS,HEAD,00000000,JAN,,51,"SLAUGHTER, FI",01,SURVEY,,VA,,
VIRGINIA,TOTAL,ALL PRODUCTION PRACTICES,02,,VIRGINIA,9000,2017,,SLAUGHTERED,STATE,,,"TURKEYS, YOUNG, SLAUGHTER, FI - SLAUGHTERED, MEASURED IN HEAD",,TURKEYS,,NOT SPECIFIED,MONTHLY,UNITED STATES,2018-02-26 15:03:15,51,YOUNG,,POULTRY,"2,070,000",ANIMALS & PRODUCTS,HEAD,00000000,FEB,,51,"SLAUGHTER, FI",02,SURVEY,,VA,,
VIRGINIA,TOTAL,ALL PRODUCTION PRACTICES,03,,VIRGINIA,9000,2017,,SLAUGHTERED,STATE,,,"TURKEYS, YOUNG, SLAUGHTER, FI - SLAUGHTERED, MEASURED IN HEAD",,TURKEYS,,NOT SPECIFIED,MONTHLY,UNITED STATES,2018-02-26 15:03:15,51,YOUNG,,POULTRY,"2,363,000",ANIMALS & PRODUCTS,HEAD,00000000,MAR,,51,"SLAUGHTER, FI",03,SURVEY,,VA,,
VIRGINIA,TOTAL,ALL PRODUCTION PRACTICES,04,,VIRGINIA,9000,2017,,SLAUGHTERED,STATE,,,"TURKEYS, YOUNG, SLAUGHTER, FI - SLAUGHTERED, MEASURED IN HEAD",,TURKEYS,,NOT SPECIFIED,MONTHLY,UNITED STATES,2018-02-26 15:03:15,51,YOUNG,,POULTRY,"1,907,000",ANIMALS & PRODUCTS,HEAD,00000000,APR,,51,"SLAUGHTER, FI",04,SURVEY,,VA,,
VIRGINIA,TOTAL,ALL PRODUCTION PRACTICES,05,,VIRGINIA,9000,2017,,SLAUGHTERED,STATE,,,"TURKEYS, YOUNG, SLAUGHTER, FI - SLAUGHTERED, MEASURED IN HEAD",,TURKEYS,,NOT SPECIFIED,MONTHLY,UNITED STATES,2018-02-26 15:03:15,51,YOUNG,,POULTRY,"2,347,000",ANIMALS & PRODUCTS,HEAD,00000000,MAY,,51,"SLAUGHTER, FI",05,SURVEY,,VA,,
VIRGINIA,TOTAL,ALL PRODUCTION PRACTICES,06,,VIRGINIA,9000,2017,,SLAUGHTERED,STATE,,,"TURKEYS, YOUNG, SLAUGHTER, FI - SLAUGHTERED, MEASURED IN HEAD",,TURKEYS,,NOT SPECIFIED,MONTHLY,UNITED STATES,2018-02-26 15:03:15,51,YOUNG,,POULTRY,"2,303,000",ANIMALS & PRODUCTS,HEAD,00000000,JUN,,51,"SLAUGHTER, FI",06,SURVEY,,VA,,
VIRGINIA,TOTAL,ALL PRODUCTION PRACTICES,07,,VIRGINIA,9000,2017,,SLAUGHTERED,STATE,,,"TURKEYS, YOUNG, SLAUGHTER, FI - SLAUGHTERED, MEASURED IN HEAD",,TURKEYS,,NOT SPECIFIED,MONTHLY,UNITED STATES,2018-02-26 15:03:15,51,YOUNG,,POULTRY,"2,074,000",ANIMALS & PRODUCTS,HEAD,00000000,JUL,,51,"SLAUGHTER, FI",07,SURVEY,,VA,,
VIRGINIA,TOTAL,ALL PRODUCTION PRACTICES,08,,VIRGINIA,9000,2017,,SLAUGHTERED,STATE,,,"TURKEYS, YOUNG, SLAUGHTER, FI - SLAUGHTERED, MEASURED IN HEAD",,TURKEYS,,NOT SPECIFIED,MONTHLY,UNITED STATES,2018-02-26 15:03:15,51,YOUNG,,POULTRY,"2,441,000",ANIMALS & PRODUCTS,HEAD,00000000,AUG,,51,"SLAUGHTER, FI",08,SURVEY,,VA,,
VIRGINIA,TOTAL,ALL PRODUCTION PRACTICES,09,,VIRGINIA,9000,2017,,SLAUGHTERED,STATE,,,"TURKEYS, YOUNG, SLAUGHTER, FI - SLAUGHTERED, MEASURED IN HEAD",,TURKEYS,,NOT SPECIFIED,MONTHLY,UNITED STATES,2018-02-26 15:03:15,51,YOUNG,,POULTRY,"2,154,000",ANIMALS & PRODUCTS,HEAD,00000000,SEP,,51,"SLAUGHTER, FI",09,SURVEY,,VA,,
VIRGINIA,TOTAL,ALL PRODUCTION PRACTICES,10,,VIRGINIA,9000,2017,,SLAUGHTERED,STATE,,,"TURKEYS, YOUNG, SLAUGHTER, FI - SLAUGHTERED, MEASURED IN HEAD",,TURKEYS,,NOT SPECIFIED,MONTHLY,UNITED STATES,2018-02-26 15:03:15,51,YOUNG,,POULTRY,"2,499,000",ANIMALS & PRODUCTS,HEAD,00000000,OCT,,51,"SLAUGHTER, FI",10,SURVEY,,VA,,
VIRGINIA,TOTAL,ALL PRODUCTION PRACTICES,11,,VIRGINIA,9000,2017,,SLAUGHTERED,STATE,,,"TURKEYS, YOUNG, SLAUGHTER, FI - SLAUGHTERED, MEASURED IN HEAD",,TURKEYS,,NOT SPECIFIED,MONTHLY,UNITED STATES,2018-02-26 15:03:15,51,YOUNG,,POULTRY,"2,332,000",ANIMALS & PRODUCTS,HEAD,00000000,NOV,,51,"SLAUGHTER, FI",11,SURVEY,,VA,,
VIRGINIA,TOTAL,ALL PRODUCTION PRACTICES,12,,VIRGINIA,9000,2017,,SLAUGHTERED,STATE,,,"TURKEYS, YOUNG, SLAUGHTER, FI - SLAUGHTERED, MEASURED IN HEAD",,TURKEYS,,NOT SPECIFIED,MONTHLY,UNITED STATES,2018-02-26 15:06:08,51,YOUNG,,POULTRY,"2,038,000",ANIMALS & PRODUCTS,HEAD,00000000,DEC,,51,"SLAUGHTER, FI",12,SURVEY,,VA,,
VIRGINIA,TOTAL,ALL PRODUCTION PRACTICES,01,,VIRGINIA,9000,2016,,SLAUGHTERED,STATE,,,"TURKEYS, YOUNG, SLAUGHTER, FI - SLAUGHTERED, MEASURED IN HEAD",,TURKEYS,,NOT SPECIFIED,MONTHLY,UNITED STATES,2018-02-26 15:00:26,51,YOUNG,,POULTRY,"2,152,000",ANIMALS & PRODUCTS,HEAD,00000000,JAN,,51,"SLAUGHTER, FI",01,SURVEY,,VA,,
VIRGINIA,TOTAL,ALL PRODUCTION PRACTICES,02,,VIRGINIA,9000,2016,,SLAUGHTERED,STATE,,,"TURKEYS, YOUNG, SLAUGHTER, FI - SLAUGHTERED, MEASURED IN HEAD",,TURKEYS,,NOT SPECIFIED,MONTHLY,UNITED STATES,2018-02-26 15:00:26,51,YOUNG,,POULTRY,"2,177,000",ANIMALS & PRODUCTS,HEAD,00000000,FEB,,51,"SLAUGHTER, FI",02,SURVEY,,VA,,
VIRGINIA,TOTAL,ALL PRODUCTION PRACTICES,03,,VIRGINIA,9000,2016,,SLAUGHTERED,STATE,,,"TURKEYS, YOUNG, SLAUGHTER, FI - SLAUGHTERED, MEASURED IN HEAD",,TURKEYS,,NOT SPECIFIED,MONTHLY,UNITED STATES,2018-02-26 15:00:26,51,YOUNG,,POULTRY,"2,327,000",ANIMALS & PRODUCTS,HEAD,00000000,MAR,,51,"SLAUGHTER, FI",03,SURVEY,,VA,,
VIRGINIA,TOTAL,ALL PRODUCTION PRACTICES,04,,VIRGINIA,9000,2016,,SLAUGHTERED,STATE,,,"TURKEYS, YOUNG, SLAUGHTER, FI - SLAUGHTERED, MEASURED IN HEAD",,TURKEYS,,NOT SPECIFIED,MONTHLY,UNITED STATES,2018-02-26 15:00:26,51,YOUNG,,POULTRY,"2,267,000",ANIMALS & PRODUCTS,HEAD,00000000,APR,,51,"SLAUGHTER, FI",04,SURVEY,,VA,,
VIRGINIA,TOTAL,ALL PRODUCTION PRACTICES,05,,VIRGINIA,9000,2016,,SLAUGHTERED,STATE,,,"TURKEYS, YOUNG, SLAUGHTER, FI - SLAUGHTERED, MEASURED IN HEAD",,TURKEYS,,NOT SPECIFIED,MONTHLY,UNITED STATES,2018-02-26 15:00:26,51,YOUNG,,POULTRY,"2,337,000",ANIMALS & PRODUCTS,HEAD,00000000,MAY,,51,"SLAUGHTER, FI",05,SURVEY,,VA,,
VIRGINIA,TOTAL,ALL PRODUCTION PRACTICES,06,,VIRGINIA,9000,2016,,SLAUGHTERED,STATE,,,"TURKEYS, YOUNG, SLAUGHTER, FI - SLAUGHTERED, MEASURED IN HEAD",,TURKEYS,,NOT SPECIFIED,MONTHLY,UNITED STATES,2018-02-26 15:00:26,51,YOUNG,,POULTRY,"2,428,000",ANIMALS & PRODUCTS,HEAD,00000000,JUN,,51,"SLAUGHTER, FI",06,SURVEY,,VA,,
VIRGINIA,TOTAL,ALL PRODUCTION PRACTICES,07,,VIRGINIA,9000,2016,,SLAUGHTERED,STATE,,,"TURKEYS, YOUNG, SLAUGHTER, FI - SLAUGHTERED, MEASURED IN HEAD",,TURKEYS,,NOT SPECIFIED,MONTHLY,UNITED STATES,2018-02-26 15:00:26,51,YOUNG,,POULTRY,"2,104,000",ANIMALS & PRODUCTS,HEAD,00000000,JUL,,51,"SLAUGHTER, FI",07,SURVEY,,VA,,
VIRGINIA,TOTAL,ALL PRODUCTION PRACTICES,08,,VIRGINIA,9000,2016,,SLAUGHTERED,STATE,,,"TURKEYS, YOUNG, SLAUGHTER, FI - SLAUGHTERED, MEASURED IN HEAD",,TURKEYS,,NOT SPECIFIED,MONTHLY,UNITED STATES,2018-02-26 15:00:26,51,YOUNG,,POULTRY,"2,430,000",ANIMALS & PRODUCTS,HEAD,00000000,AUG,,51,"SLAUGHTER, FI",08,SURVEY,,VA,,
VIRGINIA,TOTAL,ALL PRODUCTION PRACTICES,09,,VIRGINIA,9000,2016,,SLAUGHTERED,STATE,,,"TURKEYS, YOUNG, SLAUGHTER, FI - SLAUGHTERED, MEASURED IN HEAD",,TURKEYS,,NOT SPECIFIED,MONTHLY,UNITED STATES,2018-02-26 15:00:26,51,YOUNG,,POULTRY,"2,202,000",ANIMALS & PRODUCTS,HEAD,00000000,SEP,,51,"SLAUGHTER, FI",09,SURVEY,,VA,,
VIRGINIA,TOTAL,ALL PRODUCTION PRACTICES,10,,VIRGINIA,9000,2016,,SLAUGHTERED,STATE,,,"TURKEYS, YOUNG, SLAUGHTER, FI - SLAUGHTERED, MEASURED IN HEAD",,TURKEYS,,NOT SPECIFIED,MONTHLY,UNITED STATES,2018-02-26 15:00:26,51,YOUNG,,POULTRY,"2,246,000",ANIMALS & PRODUCTS,HEAD,00000000,OCT,,51,"SLAUGHTER, FI",10,SURVEY,,VA,,
VIRGINIA,TOTAL,ALL PRODUCTION PRACTICES,11,,VIRGINIA,9000,2016,,SLAUGHTERED,STATE,,,"TURKEYS, YOUNG, SLAUGHTER, FI - SLAUGHTERED, MEASURED IN HEAD",,TURKEYS,,NOT SPECIFIED,MONTHLY,UNITED STATES,2018-02-26 15:00:26,51,YOUNG,,POULTRY,"2,334,000",ANIMALS & PRODUCTS,HEAD,00000000,NOV,,51,"SLAUGHTER, FI",11,SURVEY,,VA,,
VIRGINIA,TOTAL,ALL PRODUCTION PRACTICES,12,,VIRGINIA,9000,2016,,SLAUGHTERED,STATE,,,"TURKEYS, YOUNG, SLAUGHTER, FI - SLAUGHTERED, MEASURED IN HEAD",,TURKEYS,,NOT SPECIFIED,MONTHLY,UNITED STATES,2018-02-26 15:00:26,51,YOUNG,,POULTRY,"2,178,000",ANIMALS & PRODUCTS,HEAD,00000000,DEC,,51,"SLAUGHTER, FI",12,SURVEY,,VA,,
VIRGINIA,TOTAL,ALL PRODUCTION PRACTICES,01,,VIRGINIA,9000,2015,,SLAUGHTERED,STATE,,,"TURKEYS, YOUNG, SLAUGHTER, FI - SLAUGHTERED, MEASURED IN HEAD",,TURKEYS,,NOT SPECIFIED,MONTHLY,UNITED STATES,2017-02-24 15:00:05,51,YOUNG,,POULTRY,"2,320,000",ANIMALS & PRODUCTS,HEAD,00000000,JAN,,51,"SLAUGHTER, FI",01,SURVEY,,VA,,
VIRGINIA,TOTAL,ALL PRODUCTION PRACTICES,02,,VIRGINIA,9000,2015,,SLAUGHTERED,STATE,,,"TURKEYS, YOUNG, SLAUGHTER, FI - SLAUGHTERED, MEASURED IN HEAD",,TURKEYS,,NOT SPECIFIED,MONTHLY,UNITED STATES,2017-02-24 15:00:05,51,YOUNG,,POULTRY,"1,921,000",ANIMALS & PRODUCTS,HEAD,00000000,FEB,,51,"SLAUGHTER, FI",02,SURVEY,,VA,,
VIRGINIA,TOTAL,ALL PRODUCTION PRACTICES,03,,VIRGINIA,9000,2015,,SLAUGHTERED,STATE,,,"TURKEYS, YOUNG, SLAUGHTER, FI - SLAUGHTERED, MEASURED IN HEAD",,TURKEYS,,NOT SPECIFIED,MONTHLY,UNITED STATES,2017-02-24 15:00:05,51,YOUNG,,POULTRY,"2,269,000",ANIMALS & PRODUCTS,HEAD,00000000,MAR,,51,"SLAUGHTER, FI",03,SURVEY,,VA,,
VIRGINIA,TOTAL,ALL PRODUCTION PRACTICES,04,,VIRGINIA,9000,2015,,SLAUGHTERED,STATE,,,"TURKEYS, YOUNG, SLAUGHTER, FI - SLAUGHTERED, MEASURED IN HEAD",,TURKEYS,,NOT SPECIFIED,MONTHLY,UNITED STATES,2017-02-24 15:00:05,51,YOUNG,,POULTRY,"2,269,000",ANIMALS & PRODUCTS,HEAD,00000000,APR,,51,"SLAUGHTER, FI",04,SURVEY,,VA,,
VIRGINIA,TOTAL,ALL PRODUCTION PRACTICES,05,,VIRGINIA,9000,2015,,SLAUGHTERED,STATE,,,"TURKEYS, YOUNG, SLAUGHTER, FI - SLAUGHTERED, MEASURED IN HEAD",,TURKEYS,,NOT SPECIFIED,MONTHLY,UNITED STATES,2017-02-24 15:00:05,51,YOUNG,,POULTRY,"2,083,000",ANIMALS & PRODUCTS,HEAD,00000000,MAY,,51,"SLAUGHTER, FI",05,SURVEY,,VA,,
VIRGINIA,TOTAL,ALL PRODUCTION PRACTICES,06,,VIRGINIA,9000,2015,,SLAUGHTERED,STATE,,,"TURKEYS, YOUNG, SLAUGHTER, FI - SLAUGHTERED, MEASURED IN HEAD",,TURKEYS,,NOT SPECIFIED,MONTHLY,UNITED STATES,2017-02-24 15:00:05,51,YOUNG,,POULTRY,"2,290,000",ANIMALS & PRODUCTS,HEAD,00000000,JUN,,51,"SLAUGHTER, FI",06,SURVEY,,VA,,
VIRGINIA,TOTAL,ALL PRODUCTION PRACTICES,07,,VIRGINIA,9000,2015,,SLAUGHTERED,STATE,,,"TURKEYS, YOUNG, SLAUGHTER, FI - SLAUGHTERED, MEASURED IN HEAD",,TURKEYS,,NOT SPECIFIED,MONTHLY,UNITED STATES,2017-02-24 15:00:05,51,YOUNG,,POULTRY,"2,386,000",ANIMALS & PRODUCTS,HEAD,00000000,JUL,,51,"SLAUGHTER, FI",07,SURVEY,,VA,,
VIRGINIA,TOTAL,ALL PRODUCTION PRACTICES,08,,VIRGINIA,9000,2015,,SLAUGHTERED,STATE,,,"TURKEYS, YOUNG, SLAUGHTER, FI - SLAUGHTERED, MEASURED IN HEAD",,TURKEYS,,NOT SPECIFIED,MONTHLY,UNITED STATES,2017-02-24 15:00:05,51,YOUNG,,POULTRY,"2,229,000",ANIMALS & PRODUCTS,HEAD,00000000,AUG,,51,"SLAUGHTER, FI",08,SURVEY,,VA,,
VIRGINIA,TOTAL,ALL PRODUCTION PRACTICES,09,,VIRGINIA,9000,2015,,SLAUGHTERED,STATE,,,"TURKEYS, YOUNG, SLAUGHTER, FI - SLAUGHTERED, MEASURED IN HEAD",,TURKEYS,,NOT SPECIFIED,MONTHLY,UNITED STATES,2017-02-24 15:00:05,51,YOUNG,,POULTRY,"2,124,000",ANIMALS & PRODUCTS,HEAD,00000000,SEP,,51,"SLAUGHTER, FI",09,SURVEY,,VA,,
VIRGINIA,TOTAL,ALL PRODUCTION PRACTICES,10,,VIRGINIA,9000,2015,,SLAUGHTERED,STATE,,,"TURKEYS, YOUNG, SLAUGHTER, FI - SLAUGHTERED, MEASURED IN HEAD",,TURKEYS,,NOT SPECIFIED,MONTHLY,UNITED STATES,2017-02-24 15:00:05,51,YOUNG,,POULTRY,"2,521,000",ANIMALS & PRODUCTS,HEAD,00000000,OCT,,51,"SLAUGHTER, FI",10,SURVEY,,VA,,
VIRGINIA,TOTAL,ALL PRODUCTION PRACTICES,11,,VIRGINIA,9000,2015,,SLAUGHTERED,STATE,,,"TURKEYS, YOUNG, SLAUGHTER, FI - SLAUGHTERED, MEASURED IN HEAD",,TURKEYS,,NOT SPECIFIED,MONTHLY,UNITED STATES,2017-02-24 15:00:05,51,YOUNG,,POULTRY,"2,134,000",ANIMALS & PRODUCTS,HEAD,00000000,NOV,,51,"SLAUGHTER, FI",11,SURVEY,,VA,,
VIRGINIA,TOTAL,ALL PRODUCTION PRACTICES,12,,VIRGINIA,9000,2015,,SLAUGHTERED,STATE,,,"TURKEYS, YOUNG, SLAUGHTER, FI - SLAUGHTERED, MEASURED IN HEAD",,TURKEYS,,NOT SPECIFIED,MONTHLY,UNITED STATES,2017-02-24 15:00:05,51,YOUNG,,POULTRY,"2,159,000",ANIMALS & PRODUCTS,HEAD,00000000,DEC,,51,"SLAUGHTER, FI",12,SURVEY,,VA,,
VIRGINIA,TOTAL,ALL PRODUCTION PRACTICES,01,,VIRGINIA,9000,2014,,SLAUGHTERED,STATE,,,"TURKEYS, YOUNG, SLAUGHTER, FI - SLAUGHTERED, MEASURED IN HEAD",,TURKEYS,,NOT SPECIFIED,MONTHLY,UNITED STATES,2016-02-25 15:03:13,51,YOUNG,,POULTRY,"2,244,000",ANIMALS & PRODUCTS,HEAD,00000000,JAN,,51,"SLAUGHTER, FI",01,SURVEY,,VA,,
VIRGINIA,TOTAL,ALL PRODUCTION PRACTICES,02,,VIRGINIA,9000,2014,,SLAUGHTERED,STATE,,,"TURKEYS, YOUNG, SLAUGHTER, FI - SLAUGHTERED, MEASURED IN HEAD",,TURKEYS,,NOT SPECIFIED,MONTHLY,UNITED STATES,2016-02-25 15:03:13,51,YOUNG,,POULTRY,"1,941,000",ANIMALS & PRODUCTS,HEAD,00000000,FEB,,51,"SLAUGHTER, FI",02,SURVEY,,VA,,
VIRGINIA,TOTAL,ALL PRODUCTION PRACTICES,03,,VIRGINIA,9000,2014,,SLAUGHTERED,STATE,,,"TURKEYS, YOUNG, SLAUGHTER, FI - SLAUGHTERED, MEASURED IN HEAD",,TURKEYS,,NOT SPECIFIED,MONTHLY,UNITED STATES,2016-02-25 15:03:13,51,YOUNG,,POULTRY,"2,085,000",ANIMALS & PRODUCTS,HEAD,00000000,MAR,,51,"SLAUGHTER, FI",03,SURVEY,,VA,,
VIRGINIA,TOTAL,ALL PRODUCTION PRACTICES,04,,VIRGINIA,9000,2014,,SLAUGHTERED,STATE,,,"TURKEYS, YOUNG, SLAUGHTER, FI - SLAUGHTERED, MEASURED IN HEAD",,TURKEYS,,NOT SPECIFIED,MONTHLY,UNITED STATES,2016-02-25 15:03:13,51,YOUNG,,POULTRY,"2,076,000",ANIMALS & PRODUCTS,HEAD,00000000,APR,,51,"SLAUGHTER, FI",04,SURVEY,,VA,,
VIRGINIA,TOTAL,ALL PRODUCTION PRACTICES,05,,VIRGINIA,9000,2014,,SLAUGHTERED,STATE,,,"TURKEYS, YOUNG, SLAUGHTER, FI - SLAUGHTERED, MEASURED IN HEAD",,TURKEYS,,NOT SPECIFIED,MONTHLY,UNITED STATES,2016-02-25 15:03:13,51,YOUNG,,POULTRY,"2,173,000",ANIMALS & PRODUCTS,HEAD,00000000,MAY,,51,"SLAUGHTER, FI",05,SURVEY,,VA,,
VIRGINIA,TOTAL,ALL PRODUCTION PRACTICES,06,,VIRGINIA,9000,2014,,SLAUGHTERED,STATE,,,"TURKEYS, YOUNG, SLAUGHTER, FI - SLAUGHTERED, MEASURED IN HEAD",,TURKEYS,,NOT SPECIFIED,MONTHLY,UNITED STATES,2016-02-25 15:03:13,51,YOUNG,,POULTRY,"2,214,000",ANIMALS & PRODUCTS,HEAD,00000000,JUN,,51,"SLAUGHTER, FI",06,SURVEY,,VA,,
VIRGINIA,TOTAL,ALL PRODUCTION PRACTICES,07,,VIRGINIA,9000,2014,,SLAUGHTERED,STATE,,,"TURKEYS, YOUNG, SLAUGHTER, FI - SLAUGHTERED, MEASURED IN HEAD",,TURKEYS,,NOT SPECIFIED,MONTHLY,UNITED STATES,2016-02-25 15:03:13,51,YOUNG,,POULTRY,"2,283,000",ANIMALS & PRODUCTS,HEAD,00000000,JUL,,51,"SLAUGHTER, FI",07,SURVEY,,VA,,
VIRGINIA,TOTAL,ALL PRODUCTION PRACTICES,08,,VIRGINIA,9000,2014,,SLAUGHTERED,STATE,,,"TURKEYS, YOUNG, SLAUGHTER, FI - SLAUGHTERED, MEASURED IN HEAD",,TURKEYS,,NOT SPECIFIED,MONTHLY,UNITED STATES,2016-02-25 15:03:13,51,YOUNG,,POULTRY,"2,185,000",ANIMALS & PRODUCTS,HEAD,00000000,AUG,,51,"SLAUGHTER, FI",08,SURVEY,,VA,,
VIRGINIA,TOTAL,ALL PRODUCTION PRACTICES,09,,VIRGINIA,9000,2014,,SLAUGHTERED,STATE,,,"TURKEYS, YOUNG, SLAUGHTER, FI - SLAUGHTERED, MEASURED IN HEAD",,TURKEYS,,NOT SPECIFIED,MONTHLY,UNITED STATES,2016-02-25 15:03:13,51,YOUNG,,POULTRY,"2,213,000",ANIMALS & PRODUCTS,HEAD,00000000,SEP,,51,"SLAUGHTER, FI",09,SURVEY,,VA,,
VIRGINIA,TOTAL,ALL PRODUCTION PRACTICES,10,,VIRGINIA,9000,2014,,SLAUGHTERED,STATE,,,"TURKEYS, YOUNG, SLAUGHTER, FI - SLAUGHTERED, MEASURED IN HEAD",,TURKEYS,,NOT SPECIFIED,MONTHLY,UNITED STATES,2016-02-25 15:03:13,51,YOUNG,,POULTRY,"2,542,000",ANIMALS & PRODUCTS,HEAD,00000000,OCT,,51,"SLAUGHTER, FI",10,SURVEY,,VA,,
VIRGINIA,TOTAL,ALL PRODUCTION PRACTICES,11,,VIRGINIA,9000,2014,,SLAUGHTERED,STATE,,,"TURKEYS, YOUNG, SLAUGHTER, FI - SLAUGHTERED, MEASURED IN HEAD",,TURKEYS,,NOT SPECIFIED,MONTHLY,UNITED STATES,2016-02-25 15:03:13,51,YOUNG,,POULTRY,"2,251,000",ANIMALS & PRODUCTS,HEAD,00000000,NOV,,51,"SLAUGHTER, FI",11,SURVEY,,VA,,
VIRGINIA,TOTAL,ALL PRODUCTION PRACTICES,12,,VIRGINIA,9000,2014,,SLAUGHTERED,STATE,,,"TURKEYS, YOUNG, SLAUGHTER, FI - SLAUGHTERED, MEASURED IN HEAD",,TURKEYS,,NOT SPECIFIED,MONTHLY,UNITED STATES,2016-02-25 15:03:13,51,YOUNG,,POULTRY,"2,263,000",ANIMALS & PRODUCTS,HEAD,00000000,DEC,,51,"SLAUGHTER, FI",12,SURVEY,,VA,,
VIRGINIA,TOTAL,ALL PRODUCTION PRACTICES,01,,VIRGINIA,9000,2013,,SLAUGHTERED,STATE,,,"TURKEYS, YOUNG, SLAUGHTER, FI - SLAUGHTERED, MEASURED IN HEAD",,TURKEYS,,NOT SPECIFIED,MONTHLY,UNITED STATES,2015-02-25 15:11:45,51,YOUNG,,POULTRY,"2,437,000",ANIMALS & PRODUCTS,HEAD,00000000,JAN,,51,"SLAUGHTER, FI",01,SURVEY,,VA,,
VIRGINIA,TOTAL,ALL PRODUCTION PRACTICES,02,,VIRGINIA,9000,2013,,SLAUGHTERED,STATE,,,"TURKEYS, YOUNG, SLAUGHTER, FI - SLAUGHTERED, MEASURED IN HEAD",,TURKEYS,,NOT SPECIFIED,MONTHLY,UNITED STATES,2015-02-25 15:11:45,51,YOUNG,,POULTRY,"2,051,000",ANIMALS & PRODUCTS,HEAD,00000000,FEB,,51,"SLAUGHTER, FI",02,SURVEY,,VA,,
VIRGINIA,TOTAL,ALL PRODUCTION PRACTICES,03,,VIRGINIA,9000,2013,,SLAUGHTERED,STATE,,,"TURKEYS, YOUNG, SLAUGHTER, FI - SLAUGHTERED, MEASURED IN HEAD",,TURKEYS,,NOT SPECIFIED,MONTHLY,UNITED STATES,2015-02-25 15:11:45,51,YOUNG,,POULTRY,"1,912,000",ANIMALS & PRODUCTS,HEAD,00000000,MAR,,51,"SLAUGHTER, FI",03,SURVEY,,VA,,
VIRGINIA,TOTAL,ALL PRODUCTION PRACTICES,04,,VIRGINIA,9000,2013,,SLAUGHTERED,STATE,,,"TURKEYS, YOUNG, SLAUGHTER, FI - SLAUGHTERED, MEASURED IN HEAD",,TURKEYS,,NOT SPECIFIED,MONTHLY,UNITED STATES,2015-02-25 15:11:45,51,YOUNG,,POULTRY,"2,354,000",ANIMALS & PRODUCTS,HEAD,00000000,APR,,51,"SLAUGHTER, FI",04,SURVEY,,VA,,
VIRGINIA,TOTAL,ALL PRODUCTION PRACTICES,05,,VIRGINIA,9000,2013,,SLAUGHTERED,STATE,,,"TURKEYS, YOUNG, SLAUGHTER, FI - SLAUGHTERED, MEASURED IN HEAD",,TURKEYS,,NOT SPECIFIED,MONTHLY,UNITED STATES,2015-02-25 15:11:45,51,YOUNG,,POULTRY,"2,235,000",ANIMALS & PRODUCTS,HEAD,00000000,MAY,,51,"SLAUGHTER, FI",05,SURVEY,,VA,,
VIRGINIA,TOTAL,ALL PRODUCTION PRACTICES,06,,VIRGINIA,9000,2013,,SLAUGHTERED,STATE,,,"TURKEYS, YOUNG, SLAUGHTER, FI - SLAUGHTERED, MEASURED IN HEAD",,TURKEYS,,NOT SPECIFIED,MONTHLY,UNITED STATES,2015-02-25 15:11:45,51,YOUNG,,POULTRY,"2,043,000",ANIMALS & PRODUCTS,HEAD,00000000,JUN,,51,"SLAUGHTER, FI",06,SURVEY,,VA,,
VIRGINIA,TOTAL,ALL PRODUCTION PRACTICES,07,,VIRGINIA,9000,2013,,SLAUGHTERED,STATE,,,"TURKEYS, YOUNG, SLAUGHTER, FI - SLAUGHTERED, MEASURED IN HEAD",,TURKEYS,,NOT SPECIFIED,MONTHLY,UNITED STATES,2015-02-25 15:11:45,51,YOUNG,,POULTRY,"2,234,000",ANIMALS & PRODUCTS,HEAD,00000000,JUL,,51,"SLAUGHTER, FI",07,SURVEY,,VA,,
VIRGINIA,TOTAL,ALL PRODUCTION PRACTICES,08,,VIRGINIA,9000,2013,,SLAUGHTERED,STATE,,,"TURKEYS, YOUNG, SLAUGHTER, FI - SLAUGHTERED, MEASURED IN HEAD",,TURKEYS,,NOT SPECIFIED,MONTHLY,UNITED STATES,2015-02-25 15:11:45,51,YOUNG,,POULTRY,"2,221,000",ANIMALS & PRODUCTS,HEAD,00000000,AUG,,51,"SLAUGHTER, FI",08,SURVEY,,VA,,
VIRGINIA,TOTAL,ALL PRODUCTION PRACTICES,09,,VIRGINIA,9000,2013,,SLAUGHTERED,STATE,,,"TURKEYS, YOUNG, SLAUGHTER, FI - SLAUGHTERED, MEASURED IN HEAD",,TURKEYS,,NOT SPECIFIED,MONTHLY,UNITED STATES,2015-02-25 15:11:45,51,YOUNG,,POULTRY,"2,021,000",ANIMALS & PRODUCTS,HEAD,00000000,SEP,,51,"SLAUGHTER, FI",09,SURVEY,,VA,,
VIRGINIA,TOTAL,ALL PRODUCTION PRACTICES,10,,VIRGINIA,9000,2013,,SLAUGHTERED,STATE,,,"TURKEYS, YOUNG, SLAUGHTER, FI - SLAUGHTERED, MEASURED IN HEAD",,TURKEYS,,NOT SPECIFIED,MONTHLY,UNITED STATES,2015-02-25 15:11:45,51,YOUNG,,POULTRY,"2,408,000",ANIMALS & PRODUCTS,HEAD,00000000,OCT,,51,"SLAUGHTER, FI",10,SURVEY,,VA,,
VIRGINIA,TOTAL,ALL PRODUCTION PRACTICES,11,,VIRGINIA,9000,2013,,SLAUGHTERED,STATE,,,"TURKEYS, YOUNG, SLAUGHTER, FI - SLAUGHTERED, MEASURED IN HEAD",,TURKEYS,,NOT SPECIFIED,MONTHLY,UNITED STATES,2015-02-25 15:11:45,51,YOUNG,,POULTRY,"2,279,000",ANIMALS & PRODUCTS,HEAD,00000000,NOV,,51,"SLAUGHTER, FI",11,SURVEY,,VA,,
VIRGINIA,TOTAL,ALL PRODUCTION PRACTICES,12,,VIRGINIA,9000,2013,,SLAUGHTERED,STATE,,,"TURKEYS, YOUNG, SLAUGHTER, FI - SLAUGHTERED, MEASURED IN HEAD",,TURKEYS,,NOT SPECIFIED,MONTHLY,UNITED STATES,2015-02-25 15:11:45,51,YOUNG,,POULTRY,"2,032,000",ANIMALS & PRODUCTS,HEAD,00000000,DEC,,51,"SLAUGHTER, FI",12,SURVEY,,VA,,
VIRGINIA,TOTAL,ALL PRODUCTION PRACTICES,01,,VIRGINIA,9000,2012,,SLAUGHTERED,STATE,,,"TURKEYS, YOUNG, SLAUGHTER, FI - SLAUGHTERED, MEASURED IN HEAD",,TURKEYS,,NOT SPECIFIED,MONTHLY,UNITED STATES,2014-02-25 15:04:44,51,YOUNG,,POULTRY,"2,218,000",ANIMALS & PRODUCTS,HEAD,00000000,JAN,,51,"SLAUGHTER, FI",01,SURVEY,,VA,,
VIRGINIA,TOTAL,ALL PRODUCTION PRACTICES,02,,VIRGINIA,9000,2012,,SLAUGHTERED,STATE,,,"TURKEYS, YOUNG, SLAUGHTER, FI - SLAUGHTERED, MEASURED IN HEAD",,TURKEYS,,NOT SPECIFIED,MONTHLY,UNITED STATES,2014-02-25 15:04:44,51,YOUNG,,POULTRY,"2,173,000",ANIMALS & PRODUCTS,HEAD,00000000,FEB,,51,"SLAUGHTER, FI",02,SURVEY,,VA,,
VIRGINIA,TOTAL,ALL PRODUCTION PRACTICES,03,,VIRGINIA,9000,2012,,SLAUGHTERED,STATE,,,"TURKEYS, YOUNG, SLAUGHTER, FI - SLAUGHTERED, MEASURED IN HEAD",,TURKEYS,,NOT SPECIFIED,MONTHLY,UNITED STATES,2014-02-25 15:04:44,51,YOUNG,,POULTRY,"2,367,000",ANIMALS & PRODUCTS,HEAD,00000000,MAR,,51,"SLAUGHTER, FI",03,SURVEY,,VA,,
VIRGINIA,TOTAL,ALL PRODUCTION PRACTICES,04,,VIRGINIA,9000,2012,,SLAUGHTERED,STATE,,,"TURKEYS, YOUNG, SLAUGHTER, FI - SLAUGHTERED, MEASURED IN HEAD",,TURKEYS,,NOT SPECIFIED,MONTHLY,UNITED STATES,2014-02-25 15:04:44,51,YOUNG,,POULTRY,"2,045,000",ANIMALS & PRODUCTS,HEAD,00000000,APR,,51,"SLAUGHTER, FI",04,SURVEY,,VA,,
VIRGINIA,TOTAL,ALL PRODUCTION PRACTICES,05,,VIRGINIA,9000,2012,,SLAUGHTERED,STATE,,,"TURKEYS, YOUNG, SLAUGHTER, FI - SLAUGHTERED, MEASURED IN HEAD",,TURKEYS,,NOT SPECIFIED,MONTHLY,UNITED STATES,2014-02-25 15:04:44,51,YOUNG,,POULTRY,"2,332,000",ANIMALS & PRODUCTS,HEAD,00000000,MAY,,51,"SLAUGHTER, FI",05,SURVEY,,VA,,
VIRGINIA,TOTAL,ALL PRODUCTION PRACTICES,06,,VIRGINIA,9000,2012,,SLAUGHTERED,STATE,,,"TURKEYS, YOUNG, SLAUGHTER, FI - SLAUGHTERED, MEASURED IN HEAD",,TURKEYS,,NOT SPECIFIED,MONTHLY,UNITED STATES,2014-02-25 15:04:44,51,YOUNG,,POULTRY,"2,167,000",ANIMALS & PRODUCTS,HEAD,00000000,JUN,,51,"SLAUGHTER, FI",06,SURVEY,,VA,,
VIRGINIA,TOTAL,ALL PRODUCTION PRACTICES,07,,VIRGINIA,9000,2012,,SLAUGHTERED,STATE,,,"TURKEYS, YOUNG, SLAUGHTER, FI - SLAUGHTERED, MEASURED IN HEAD",,TURKEYS,,NOT SPECIFIED,MONTHLY,UNITED STATES,2014-02-25 15:04:44,51,YOUNG,,POULTRY,"2,213,000",ANIMALS & PRODUCTS,HEAD,00000000,JUL,,51,"SLAUGHTER, FI",07,SURVEY,,VA,,
VIRGINIA,TOTAL,ALL PRODUCTION PRACTICES,08,,VIRGINIA,9000,2012,,SLAUGHTERED,STATE,,,"TURKEYS, YOUNG, SLAUGHTER, FI - SLAUGHTERED, MEASURED IN HEAD",,TURKEYS,,NOT SPECIFIED,MONTHLY,UNITED STATES,2014-02-25 15:04:44,51,YOUNG,,POULTRY,"2,404,000",ANIMALS & PRODUCTS,HEAD,00000000,AUG,,51,"SLAUGHTER, FI",08,SURVEY,,VA,,
VIRGINIA,TOTAL,ALL PRODUCTION PRACTICES,09,,VIRGINIA,9000,2012,,SLAUGHTERED,STATE,,,"TURKEYS, YOUNG, SLAUGHTER, FI - SLAUGHTERED, MEASURED IN HEAD",,TURKEYS,,NOT SPECIFIED,MONTHLY,UNITED STATES,2014-02-25 15:04:44,51,YOUNG,,POULTRY,"2,071,000",ANIMALS & PRODUCTS,HEAD,00000000,SEP,,51,"SLAUGHTER, FI",09,SURVEY,,VA,,
VIRGINIA,TOTAL,ALL PRODUCTION PRACTICES,10,,VIRGINIA,9000,2012,,SLAUGHTERED,STATE,,,"TURKEYS, YOUNG, SLAUGHTER, FI - SLAUGHTERED, MEASURED IN HEAD",,TURKEYS,,NOT SPECIFIED,MONTHLY,UNITED STATES,2014-02-25 15:04:44,51,YOUNG,,POULTRY,"2,675,000",ANIMALS & PRODUCTS,HEAD,00000000,OCT,,51,"SLAUGHTER, FI",10,SURVEY,,VA,,
VIRGINIA,TOTAL,ALL PRODUCTION PRACTICES,11,,VIRGINIA,9000,2012,,SLAUGHTERED,STATE,,,"TURKEYS, YOUNG, SLAUGHTER, FI - SLAUGHTERED, MEASURED IN HEAD",,TURKEYS,,NOT SPECIFIED,MONTHLY,UNITED STATES,2014-02-25 15:04:44,51,YOUNG,,POULTRY,"2,465,000",ANIMALS & PRODUCTS,HEAD,00000000,NOV,,51,"SLAUGHTER, FI",11,SURVEY,,VA,,
VIRGINIA,TOTAL,ALL PRODUCTION PRACTICES,12,,VIRGINIA,9000,2012,,SLAUGHTERED,STATE,,,"TURKEYS, YOUNG, SLAUGHTER, FI - SLAUGHTERED, MEASURED IN HEAD",,TURKEYS,,NOT SPECIFIED,MONTHLY,UNITED STATES,2014-02-25 15:04:44,51,YOUNG,,POULTRY,"2,132,000",ANIMALS & PRODUCTS,HEAD,00000000,DEC,,51,"SLAUGHTER, FI",12,SURVEY,,VA,,
VIRGINIA,TOTAL,ALL PRODUCTION PRACTICES,01,,VIRGINIA,9000,2011,,SLAUGHTERED,STATE,,,"TURKEYS, YOUNG, SLAUGHTER, FI - SLAUGHTERED, MEASURED IN HEAD",,TURKEYS,,NOT SPECIFIED,MONTHLY,UNITED STATES,2013-02-25 15:11:14,51,YOUNG,,POULTRY,"2,222,000",ANIMALS & PRODUCTS,HEAD,00000000,JAN,,51,"SLAUGHTER, FI",01,SURVEY,,VA,,
VIRGINIA,TOTAL,ALL PRODUCTION PRACTICES,02,,VIRGINIA,9000,2011,,SLAUGHTERED,STATE,,,"TURKEYS, YOUNG, SLAUGHTER, FI - SLAUGHTERED, MEASURED IN HEAD",,TURKEYS,,NOT SPECIFIED,MONTHLY,UNITED STATES,2013-02-25 15:11:14,51,YOUNG,,POULTRY,"2,167,000",ANIMALS & PRODUCTS,HEAD,00000000,FEB,,51,"SLAUGHTER, FI",02,SURVEY,,VA,,
VIRGINIA,TOTAL,ALL PRODUCTION PRACTICES,03,,VIRGINIA,9000,2011,,SLAUGHTERED,STATE,,,"TURKEYS, YOUNG, SLAUGHTER, FI - SLAUGHTERED, MEASURED IN HEAD",,TURKEYS,,NOT SPECIFIED,MONTHLY,UNITED STATES,2013-02-25 15:11:14,51,YOUNG,,POULTRY,"2,458,000",ANIMALS & PRODUCTS,HEAD,00000000,MAR,,51,"SLAUGHTER, FI",03,SURVEY,,VA,,
VIRGINIA,TOTAL,ALL PRODUCTION PRACTICES,04,,VIRGINIA,9000,2011,,SLAUGHTERED,STATE,,,"TURKEYS, YOUNG, SLAUGHTER, FI - SLAUGHTERED, MEASURED IN HEAD",,TURKEYS,,NOT SPECIFIED,MONTHLY,UNITED STATES,2013-02-25 15:11:14,51,YOUNG,,POULTRY,"2,122,000",ANIMALS & PRODUCTS,HEAD,00000000,APR,,51,"SLAUGHTER, FI",04,SURVEY,,VA,,
VIRGINIA,TOTAL,ALL PRODUCTION PRACTICES,05,,VIRGINIA,9000,2011,,SLAUGHTERED,STATE,,,"TURKEYS, YOUNG, SLAUGHTER, FI - SLAUGHTERED, MEASURED IN HEAD",,TURKEYS,,NOT SPECIFIED,MONTHLY,UNITED STATES,2013-02-25 15:11:14,51,YOUNG,,POULTRY,"2,205,000",ANIMALS & PRODUCTS,HEAD,00000000,MAY,,51,"SLAUGHTER, FI",05,SURVEY,,VA,,
VIRGINIA,TOTAL,ALL PRODUCTION PRACTICES,06,,VIRGINIA,9000,2011,,SLAUGHTERED,STATE,,,"TURKEYS, YOUNG, SLAUGHTER, FI - SLAUGHTERED, MEASURED IN HEAD",,TURKEYS,,NOT SPECIFIED,MONTHLY,UNITED STATES,2013-02-25 15:11:14,51,YOUNG,,POULTRY,"2,400,000",ANIMALS & PRODUCTS,HEAD,00000000,JUN,,51,"SLAUGHTER, FI",06,SURVEY,,VA,,
VIRGINIA,TOTAL,ALL PRODUCTION PRACTICES,07,,VIRGINIA,9000,2011,,SLAUGHTERED,STATE,,,"TURKEYS, YOUNG, SLAUGHTER, FI - SLAUGHTERED, MEASURED IN HEAD",,TURKEYS,,NOT SPECIFIED,MONTHLY,UNITED STATES,2013-02-25 15:11:14,51,YOUNG,,POULTRY,"2,126,000",ANIMALS & PRODUCTS,HEAD,00000000,JUL,,51,"SLAUGHTER, FI",07,SURVEY,,VA,,
VIRGINIA,TOTAL,ALL PRODUCTION PRACTICES,08,,VIRGINIA,9000,2011,,SLAUGHTERED,STATE,,,"TURKEYS, YOUNG, SLAUGHTER, FI - SLAUGHTERED, MEASURED IN HEAD",,TURKEYS,,NOT SPECIFIED,MONTHLY,UNITED STATES,2013-02-25 15:11:14,51,YOUNG,,POULTRY,"2,437,000",ANIMALS & PRODUCTS,HEAD,00000000,AUG,,51,"SLAUGHTER, FI",08,SURVEY,,VA,,
VIRGINIA,TOTAL,ALL PRODUCTION PRACTICES,09,,VIRGINIA,9000,2011,,SLAUGHTERED,STATE,,,"TURKEYS, YOUNG, SLAUGHTER, FI - SLAUGHTERED, MEASURED IN HEAD",,TURKEYS,,NOT SPECIFIED,MONTHLY,UNITED STATES,2013-02-25 15:11:14,51,YOUNG,,POULTRY,"2,306,000",ANIMALS & PRODUCTS,HEAD,00000000,SEP,,51,"SLAUGHTER, FI",09,SURVEY,,VA,,
VIRGINIA,TOTAL,ALL PRODUCTION PRACTICES,10,,VIRGINIA,9000,2011,,SLAUGHTERED,STATE,,,"TURKEYS, YOUNG, SLAUGHTER, FI - SLAUGHTERED, MEASURED IN HEAD",,TURKEYS,,NOT SPECIFIED,MONTHLY,UNITED STATES,2013-02-25 15:11:14,51,YOUNG,,POULTRY,"2,570,000",ANIMALS & PRODUCTS,HEAD,00000000,OCT,,51,"SLAUGHTER, FI",10,SURVEY,,VA,,
VIRGINIA,TOTAL,ALL PRODUCTION PRACTICES,11,,VIRGINIA,9000,2011,,SLAUGHTERED,STATE,,,"TURKEYS, YOUNG, SLAUGHTER, FI - SLAUGHTERED, MEASURED IN HEAD",,TURKEYS,,NOT SPECIFIED,MONTHLY,UNITED STATES,2013-02-25 15:11:14,51,YOUNG,,POULTRY,"2,421,000",ANIMALS & PRODUCTS,HEAD,00000000,NOV,,51,"SLAUGHTER, FI",11,SURVEY,,VA,,
VIRGINIA,TOTAL,ALL PRODUCTION PRACTICES,12,,VIRGINIA,9000,2011,,SLAUGHTERED,STATE,,,"TURKEYS, YOUNG, SLAUGHTER, FI - SLAUGHTERED, MEASURED IN HEAD",,TURKEYS,,NOT SPECIFIED,MONTHLY,UNITED STATES,2013-02-25 15:11:14,51,YOUNG,,POULTRY,"2,130,000",ANIMALS & PRODUCTS,HEAD,00000000,DEC,,51,"SLAUGHTER, FI",12,SURVEY,,VA,,
VIRGINIA,TOTAL,ALL PRODUCTION PRACTICES,01,,VIRGINIA,9000,2010,,SLAUGHTERED,STATE,,,"TURKEYS, YOUNG, SLAUGHTER, FI - SLAUGHTERED, MEASURED IN HEAD",,TURKEYS,,NOT SPECIFIED,MONTHLY,UNITED STATES,2012-01-01 00:00:00,51,YOUNG,,POULTRY,"2,068,000",ANIMALS & PRODUCTS,HEAD,00000000,JAN,,51,"SLAUGHTER, FI",01,SURVEY,,VA,,
VIRGINIA,TOTAL,ALL PRODUCTION PRACTICES,02,,VIRGINIA,9000,2010,,SLAUGHTERED,STATE,,,"TURKEYS, YOUNG, SLAUGHTER, FI - SLAUGHTERED, MEASURED IN HEAD",,TURKEYS,,NOT SPECIFIED,MONTHLY,UNITED STATES,2012-01-01 00:00:00,51,YOUNG,,POULTRY,"2,040,000",ANIMALS & PRODUCTS,HEAD,00000000,FEB,,51,"SLAUGHTER, FI",02,SURVEY,,VA,,
VIRGINIA,TOTAL,ALL PRODUCTION PRACTICES,03,,VIRGINIA,9000,2010,,SLAUGHTERED,STATE,,,"TURKEYS, YOUNG, SLAUGHTER, FI - SLAUGHTERED, MEASURED IN HEAD",,TURKEYS,,NOT SPECIFIED,MONTHLY,UNITED STATES,2012-01-01 00:00:00,51,YOUNG,,POULTRY,"2,485,000",ANIMALS & PRODUCTS,HEAD,00000000,MAR,,51,"SLAUGHTER, FI",03,SURVEY,,VA,,
VIRGINIA,TOTAL,ALL PRODUCTION PRACTICES,04,,VIRGINIA,9000,2010,,SLAUGHTERED,STATE,,,"TURKEYS, YOUNG, SLAUGHTER, FI - SLAUGHTERED, MEASURED IN HEAD",,TURKEYS,,NOT SPECIFIED,MONTHLY,UNITED STATES,2012-01-01 00:00:00,51,YOUNG,,POULTRY,"2,213,000",ANIMALS & PRODUCTS,HEAD,00000000,APR,,51,"SLAUGHTER, FI",04,SURVEY,,VA,,
VIRGINIA,TOTAL,ALL PRODUCTION PRACTICES,05,,VIRGINIA,9000,2010,,SLAUGHTERED,STATE,,,"TURKEYS, YOUNG, SLAUGHTER, FI - SLAUGHTERED, MEASURED IN HEAD",,TURKEYS,,NOT SPECIFIED,MONTHLY,UNITED STATES,2012-01-01 00:00:00,51,YOUNG,,POULTRY,"2,068,000",ANIMALS & PRODUCTS,HEAD,00000000,MAY,,51,"SLAUGHTER, FI",05,SURVEY,,VA,,
VIRGINIA,TOTAL,ALL PRODUCTION PRACTICES,06,,VIRGINIA,9000,2010,,SLAUGHTERED,STATE,,,"TURKEYS, YOUNG, SLAUGHTER, FI - SLAUGHTERED, MEASURED IN HEAD",,TURKEYS,,NOT SPECIFIED,MONTHLY,UNITED STATES,2012-01-01 00:00:00,51,YOUNG,,POULTRY,"2,316,000",ANIMALS & PRODUCTS,HEAD,00000000,JUN,,51,"SLAUGHTER, FI",06,SURVEY,,VA,,
VIRGINIA,TOTAL,ALL PRODUCTION PRACTICES,07,,VIRGINIA,9000,2010,,SLAUGHTERED,STATE,,,"TURKEYS, YOUNG, SLAUGHTER, FI - SLAUGHTERED, MEASURED IN HEAD",,TURKEYS,,NOT SPECIFIED,MONTHLY,UNITED STATES,2012-01-01 00:00:00,51,YOUNG,,POULTRY,"2,309,000",ANIMALS & PRODUCTS,HEAD,00000000,JUL,,51,"SLAUGHTER, FI",07,SURVEY,,VA,,
VIRGINIA,TOTAL,ALL PRODUCTION PRACTICES,08,,VIRGINIA,9000,2010,,SLAUGHTERED,STATE,,,"TURKEYS, YOUNG, SLAUGHTER, FI - SLAUGHTERED, MEASURED IN HEAD",,TURKEYS,,NOT SPECIFIED,MONTHLY,UNITED STATES,2012-01-01 00:00:00,51,YOUNG,,POULTRY,"2,433,000",ANIMALS & PRODUCTS,HEAD,00000000,AUG,,51,"SLAUGHTER, FI",08,SURVEY,,VA,,
VIRGINIA,TOTAL,ALL PRODUCTION PRACTICES,09,,VIRGINIA,9000,2010,,SLAUGHTERED,STATE,,,"TURKEYS, YOUNG, SLAUGHTER, FI - SLAUGHTERED, MEASURED IN HEAD",,TURKEYS,,NOT SPECIFIED,MONTHLY,UNITED STATES,2012-01-01 00:00:00,51,YOUNG,,POULTRY,"2,388,000",ANIMALS & PRODUCTS,HEAD,00000000,SEP,,51,"SLAUGHTER, FI",09,SURVEY,,VA,,
VIRGINIA,TOTAL,ALL PRODUCTION PRACTICES,10,,VIRGINIA,9000,2010,,SLAUGHTERED,STATE,,,"TURKEYS, YOUNG, SLAUGHTER, FI - SLAUGHTERED, MEASURED IN HEAD",,TURKEYS,,NOT SPECIFIED,MONTHLY,UNITED STATES,2012-01-01 00:00:00,51,YOUNG,,POULTRY,"2,586,000",ANIMALS & PRODUCTS,HEAD,00000000,OCT,,51,"SLAUGHTER, FI",10,SURVEY,,VA,,
VIRGINIA,TOTAL,ALL PRODUCTION PRACTICES,11,,VIRGINIA,9000,2010,,SLAUGHTERED,STATE,,,"TURKEYS, YOUNG, SLAUGHTER, FI - SLAUGHTERED, MEASURED IN HEAD",,TURKEYS,,NOT SPECIFIED,MONTHLY,UNITED STATES,2012-01-01 00:00:00,51,YOUNG,,POULTRY,"2,518,000",ANIMALS & PRODUCTS,HEAD,00000000,NOV,,51,"SLAUGHTER, FI",11,SURVEY,,VA,,
VIRGINIA,TOTAL,ALL PRODUCTION PRACTICES,12,,VIRGINIA,9000,2010,,SLAUGHTERED,STATE,,,"TURKEYS, YOUNG, SLAUGHTER, FI - SLAUGHTERED, MEASURED IN HEAD",,TURKEYS,,NOT SPECIFIED,MONTHLY,UNITED STATES,2012-01-01 00:00:00,51,YOUNG,,POULTRY,"2,409,000",ANIMALS & PRODUCTS,HEAD,00000000,DEC,,51,"SLAUGHTER, FI",12,SURVEY,,VA,,
VIRGINIA,TOTAL,ALL PRODUCTION PRACTICES,01,,VIRGINIA,9000,2009,,SLAUGHTERED,STATE,,,"TURKEYS, YOUNG, SLAUGHTER, FI - SLAUGHTERED, MEASURED IN HEAD",,TURKEYS,,NOT SPECIFIED,MONTHLY,UNITED STATES,2012-01-01 00:00:00,51,YOUNG,,POULTRY,"2,594,000",ANIMALS & PRODUCTS,HEAD,00000000,JAN,,51,"SLAUGHTER, FI",01,SURVEY,,VA,,
VIRGINIA,TOTAL,ALL PRODUCTION PRACTICES,02,,VIRGINIA,9000,2009,,SLAUGHTERED,STATE,,,"TURKEYS, YOUNG, SLAUGHTER, FI - SLAUGHTERED, MEASURED IN HEAD",,TURKEYS,,NOT SPECIFIED,MONTHLY,UNITED STATES,2012-01-01 00:00:00,51,YOUNG,,POULTRY,"2,183,000",ANIMALS & PRODUCTS,HEAD,00000000,FEB,,51,"SLAUGHTER, FI",02,SURVEY,,VA,,
VIRGINIA,TOTAL,ALL PRODUCTION PRACTICES,03,,VIRGINIA,9000,2009,,SLAUGHTERED,STATE,,,"TURKEYS, YOUNG, SLAUGHTER, FI - SLAUGHTERED, MEASURED IN HEAD",,TURKEYS,,NOT SPECIFIED,MONTHLY,UNITED STATES,2012-01-01 00:00:00,51,YOUNG,,POULTRY,"2,146,000",ANIMALS & PRODUCTS,HEAD,00000000,MAR,,51,"SLAUGHTER, FI",03,SURVEY,,VA,,
VIRGINIA,TOTAL,ALL PRODUCTION PRACTICES,04,,VIRGINIA,9000,2009,,SLAUGHTERED,STATE,,,"TURKEYS, YOUNG, SLAUGHTER, FI - SLAUGHTERED, MEASURED IN HEAD",,TURKEYS,,NOT SPECIFIED,MONTHLY,UNITED STATES,2012-01-01 00:00:00,51,YOUNG,,POULTRY,"2,235,000",ANIMALS & PRODUCTS,HEAD,00000000,APR,,51,"SLAUGHTER, FI",04,SURVEY,,VA,,
VIRGINIA,TOTAL,ALL PRODUCTION PRACTICES,05,,VIRGINIA,9000,2009,,SLAUGHTERED,STATE,,,"TURKEYS, YOUNG, SLAUGHTER, FI - SLAUGHTERED, MEASURED IN HEAD",,TURKEYS,,NOT SPECIFIED,MONTHLY,UNITED STATES,2012-01-01 00:00:00,51,YOUNG,,POULTRY,"2,209,000",ANIMALS & PRODUCTS,HEAD,00000000,MAY,,51,"SLAUGHTER, FI",05,SURVEY,,VA,,
VIRGINIA,TOTAL,ALL PRODUCTION PRACTICES,06,,VIRGINIA,9000,2009,,SLAUGHTERED,STATE,,,"TURKEYS, YOUNG, SLAUGHTER, FI - SLAUGHTERED, MEASURED IN HEAD",,TURKEYS,,NOT SPECIFIED,MONTHLY,UNITED STATES,2012-01-01 00:00:00,51,YOUNG,,POULTRY,"2,375,000",ANIMALS & PRODUCTS,HEAD,00000000,JUN,,51,"SLAUGHTER, FI",06,SURVEY,,VA,,
VIRGINIA,TOTAL,ALL PRODUCTION PRACTICES,07,,VIRGINIA,9000,2009,,SLAUGHTERED,STATE,,,"TURKEYS, YOUNG, SLAUGHTER, FI - SLAUGHTERED, MEASURED IN HEAD",,TURKEYS,,NOT SPECIFIED,MONTHLY,UNITED STATES,2012-01-01 00:00:00,51,YOUNG,,POULTRY,"2,475,000",ANIMALS & PRODUCTS,HEAD,00000000,JUL,,51,"SLAUGHTER, FI",07,SURVEY,,VA,,
VIRGINIA,TOTAL,ALL PRODUCTION PRACTICES,08,,VIRGINIA,9000,2009,,SLAUGHTERED,STATE,,,"TURKEYS, YOUNG, SLAUGHTER, FI - SLAUGHTERED, MEASURED IN HEAD",,TURKEYS,,NOT SPECIFIED,MONTHLY,UNITED STATES,2012-01-01 00:00:00,51,YOUNG,,POULTRY,"2,177,000",ANIMALS & PRODUCTS,HEAD,00000000,AUG,,51,"SLAUGHTER, FI",08,SURVEY,,VA,,
VIRGINIA,TOTAL,ALL PRODUCTION PRACTICES,09,,VIRGINIA,9000,2009,,SLAUGHTERED,STATE,,,"TURKEYS, YOUNG, SLAUGHTER, FI - SLAUGHTERED, MEASURED IN HEAD",,TURKEYS,,NOT SPECIFIED,MONTHLY,UNITED STATES,2012-01-01 00:00:00,51,YOUNG,,POULTRY,"2,259,000",ANIMALS & PRODUCTS,HEAD,00000000,SEP,,51,"SLAUGHTER, FI",09,SURVEY,,VA,,
VIRGINIA,TOTAL,ALL PRODUCTION PRACTICES,10,,VIRGINIA,9000,2009,,SLAUGHTERED,STATE,,,"TURKEYS, YOUNG, SLAUGHTER, FI - SLAUGHTERED, MEASURED IN HEAD",,TURKEYS,,NOT SPECIFIED,MONTHLY,UNITED STATES,2012-01-01 00:00:00,51,YOUNG,,POULTRY,"2,539,000",ANIMALS & PRODUCTS,HEAD,00000000,OCT,,51,"SLAUGHTER, FI",10,SURVEY,,VA,,
VIRGINIA,TOTAL,ALL PRODUCTION PRACTICES,11,,VIRGINIA,9000,2009,,SLAUGHTERED,STATE,,,"TURKEYS, YOUNG, SLAUGHTER, FI - SLAUGHTERED, MEASURED IN HEAD",,TURKEYS,,NOT SPECIFIED,MONTHLY,UNITED STATES,2012-01-01 00:00:00,51,YOUNG,,POULTRY,"2,315,000",ANIMALS & PRODUCTS,HEAD,00000000,NOV,,51,"SLAUGHTER, FI",11,SURVEY,,VA,,
VIRGINIA,TOTAL,ALL PRODUCTION PRACTICES,12,,VIRGINIA,9000,2009,,SLAUGHTERED,STATE,,,"TURKEYS, YOUNG, SLAUGHTER, FI - SLAUGHTERED, MEASURED IN HEAD",,TURKEYS,,NOT SPECIFIED,MONTHLY,UNITED STATES,2012-01-01 00:00:00,51,YOUNG,,POULTRY,"2,402,000",ANIMALS & PRODUCTS,HEAD,00000000,DEC,,51,"SLAUGHTER, FI",12,SURVEY,,VA,,
VIRGINIA,TOTAL,ALL PRODUCTION PRACTICES,01,,VIRGINIA,9000,2002,,SLAUGHTERED,STATE,,,"TURKEYS, YOUNG, SLAUGHTER, FI - SLAUGHTERED, MEASURED IN HEAD",,TURKEYS,,NOT SPECIFIED,MONTHLY,UNITED STATES,2012-01-01 00:00:00,51,YOUNG,,POULTRY,"3,346,000",ANIMALS & PRODUCTS,HEAD,00000000,JAN,,51,"SLAUGHTER, FI",01,SURVEY,,VA,,
VIRGINIA,TOTAL,ALL PRODUCTION PRACTICES,02,,VIRGINIA,9000,2002,,SLAUGHTERED,STATE,,,"TURKEYS, YOUNG, SLAUGHTER, FI - SLAUGHTERED, MEASURED IN HEAD",,TURKEYS,,NOT SPECIFIED,MONTHLY,UNITED STATES,2012-01-01 00:00:00,51,YOUNG,,POULTRY,"3,077,000",ANIMALS & PRODUCTS,HEAD,00000000,FEB,,51,"SLAUGHTER, FI",02,SURVEY,,VA,,
VIRGINIA,TOTAL,ALL PRODUCTION PRACTICES,03,,VIRGINIA,9000,2002,,SLAUGHTERED,STATE,,,"TURKEYS, YOUNG, SLAUGHTER, FI - SLAUGHTERED, MEASURED IN HEAD",,TURKEYS,,NOT SPECIFIED,MONTHLY,UNITED STATES,2012-01-01 00:00:00,51,YOUNG,,POULTRY,"2,855,000",ANIMALS & PRODUCTS,HEAD,00000000,MAR,,51,"SLAUGHTER, FI",03,SURVEY,,VA,,
VIRGINIA,TOTAL,ALL PRODUCTION PRACTICES,04,,VIRGINIA,9000,2002,,SLAUGHTERED,STATE,,,"TURKEYS, YOUNG, SLAUGHTER, FI - SLAUGHTERED, MEASURED IN HEAD",,TURKEYS,,NOT SPECIFIED,MONTHLY,UNITED STATES,2012-01-01 00:00:00,51,YOUNG,,POULTRY,"3,292,000",ANIMALS & PRODUCTS,HEAD,00000000,APR,,51,"SLAUGHTER, FI",04,SURVEY,,VA,,
VIRGINIA,TOTAL,ALL PRODUCTION PRACTICES,06,,VIRGINIA,9000,2002,,SLAUGHTERED,STATE,,,"TURKEYS, YOUNG, SLAUGHTER, FI - SLAUGHTERED, MEASURED IN HEAD",,TURKEYS,,NOT SPECIFIED,MONTHLY,UNITED STATES,2012-01-01 00:00:00,51,YOUNG,,POULTRY,"2,165,000",ANIMALS & PRODUCTS,HEAD,00000000,JUN,,51,"SLAUGHTER, FI",06,SURVEY,,VA,,
VIRGINIA,TOTAL,ALL PRODUCTION PRACTICES,07,,VIRGINIA,9000,2002,,SLAUGHTERED,STATE,,,"TURKEYS, YOUNG, SLAUGHTER, FI - SLAUGHTERED, MEASURED IN HEAD",,TURKEYS,,NOT SPECIFIED,MONTHLY,UNITED STATES,2012-01-01 00:00:00,51,YOUNG,,POULTRY,"2,615,000",ANIMALS & PRODUCTS,HEAD,00000000,JUL,,51,"SLAUGHTER, FI",07,SURVEY,,VA,,
VIRGINIA,TOTAL,ALL PRODUCTION PRACTICES,08,,VIRGINIA,9000,2002,,SLAUGHTERED,STATE,,,"TURKEYS, YOUNG, SLAUGHTER, FI - SLAUGHTERED, MEASURED IN HEAD",,TURKEYS,,NOT SPECIFIED,MONTHLY,UNITED STATES,2012-01-01 00:00:00,51,YOUNG,,POULTRY,"2,695,000",ANIMALS & PRODUCTS,HEAD,00000000,AUG,,51,"SLAUGHTER, FI",08,SURVEY,,VA,,
VIRGINIA,TOTAL,ALL PRODUCTION PRACTICES,09,,VIRGINIA,9000,2002,,SLAUGHTERED,STATE,,,"TURKEYS, YOUNG, SLAUGHTER, FI - SLAUGHTERED, MEASURED IN HEAD",,TURKEYS,,NOT SPECIFIED,MONTHLY,UNITED STATES,2012-01-01 00:00:00,51,YOUNG,,POULTRY,"2,610,000",ANIMALS & PRODUCTS,HEAD,00000000,SEP,,51,"SLAUGHTER, FI",09,SURVEY,,VA,,
VIRGINIA,TOTAL,ALL PRODUCTION PRACTICES,10,,VIRGINIA,9000,2002,,SLAUGHTERED,STATE,,,"TURKEYS, YOUNG, SLAUGHTER, FI - SLAUGHTERED, MEASURED IN HEAD",,TURKEYS,,NOT SPECIFIED,MONTHLY,UNITED STATES,2012-01-01 00:00:00,51,YOUNG,,POULTRY,"3,140,000",ANIMALS & PRODUCTS,HEAD,00000000,OCT,,51,"SLAUGHTER, FI",10,SURVEY,,VA,,
VIRGINIA,TOTAL,ALL PRODUCTION PRACTICES,01,,VIRGINIA,9000,2001,,SLAUGHTERED,STATE,,,"TURKEYS, YOUNG, SLAUGHTER, FI - SLAUGHTERED, MEASURED IN HEAD",,TURKEYS,,NOT SPECIFIED,MONTHLY,UNITED STATES,2012-01-01 00:00:00,51,YOUNG,,POULTRY,"3,111,000",ANIMALS & PRODUCTS,HEAD,00000000,JAN,,51,"SLAUGHTER, FI",01,SURVEY,,VA,,
VIRGINIA,TOTAL,ALL PRODUCTION PRACTICES,02,,VIRGINIA,9000,2001,,SLAUGHTERED,STATE,,,"TURKEYS, YOUNG, SLAUGHTER, FI - SLAUGHTERED, MEASURED IN HEAD",,TURKEYS,,NOT SPECIFIED,MONTHLY,UNITED STATES,2012-01-01 00:00:00,51,YOUNG,,POULTRY,"2,819,000",ANIMALS & PRODUCTS,HEAD,00000000,FEB,,51,"SLAUGHTER, FI",02,SURVEY,,VA,,
VIRGINIA,TOTAL,ALL PRODUCTION PRACTICES,03,,VIRGINIA,9000,2001,,SLAUGHTERED,STATE,,,"TURKEYS, YOUNG, SLAUGHTER, FI - SLAUGHTERED, MEASURED IN HEAD",,TURKEYS,,NOT SPECIFIED,MONTHLY,UNITED STATES,2012-01-01 00:00:00,51,YOUNG,,POULTRY,"3,069,000",ANIMALS & PRODUCTS,HEAD,00000000,MAR,,51,"SLAUGHTER, FI",03,SURVEY,,VA,,
VIRGINIA,TOTAL,ALL PRODUCTION PRACTICES,04,,VIRGINIA,9000,2001,,SLAUGHTERED,STATE,,,"TURKEYS, YOUNG, SLAUGHTER, FI - SLAUGHTERED, MEASURED IN HEAD",,TURKEYS,,NOT SPECIFIED,MONTHLY,UNITED STATES,2012-01-01 00:00:00,51,YOUNG,,POULTRY,"2,826,000",ANIMALS & PRODUCTS,HEAD,00000000,APR,,51,"SLAUGHTER, FI",04,SURVEY,,VA,,
VIRGINIA,TOTAL,ALL PRODUCTION PRACTICES,05,,VIRGINIA,9000,2001,,SLAUGHTERED,STATE,,,"TURKEYS, YOUNG, SLAUGHTER, FI - SLAUGHTERED, MEASURED IN HEAD",,TURKEYS,,NOT SPECIFIED,MONTHLY,UNITED STATES,2012-01-01 00:00:00,51,YOUNG,,POULTRY,"3,195,000",ANIMALS & PRODUCTS,HEAD,00000000,MAY,,51,"SLAUGHTER, FI",05,SURVEY,,VA,,
VIRGINIA,TOTAL,ALL PRODUCTION PRACTICES,06,,VIRGINIA,9000,2001,,SLAUGHTERED,STATE,,,"TURKEYS, YOUNG, SLAUGHTER, FI - SLAUGHTERED, MEASURED IN HEAD",,TURKEYS,,NOT SPECIFIED,MONTHLY,UNITED STATES,2012-01-01 00:00:00,51,YOUNG,,POULTRY,"3,076,000",ANIMALS & PRODUCTS,HEAD,00000000,JUN,,51,"SLAUGHTER, FI",06,SURVEY,,VA,,
VIRGINIA,TOTAL,ALL PRODUCTION PRACTICES,07,,VIRGINIA,9000,2001,,SLAUGHTERED,STATE,,,"TURKEYS, YOUNG, SLAUGHTER, FI - SLAUGHTERED, MEASURED IN HEAD",,TURKEYS,,NOT SPECIFIED,MONTHLY,UNITED STATES,2012-01-01 00:00:00,51,YOUNG,,POULTRY,"3,037,000",ANIMALS & PRODUCTS,HEAD,00000000,JUL,,51,"SLAUGHTER, FI",07,SURVEY,,VA,,
VIRGINIA,TOTAL,ALL PRODUCTION PRACTICES,08,,VIRGINIA,9000,2001,,SLAUGHTERED,STATE,,,"TURKEYS, YOUNG, SLAUGHTER, FI - SLAUGHTERED, MEASURED IN HEAD",,TURKEYS,,NOT SPECIFIED,MONTHLY,UNITED STATES,2012-01-01 00:00:00,51,YOUNG,,POULTRY,"3,335,000",ANIMALS & PRODUCTS,HEAD,00000000,AUG,,51,"SLAUGHTER, FI",08,SURVEY,,VA,,
VIRGINIA,TOTAL,ALL PRODUCTION PRACTICES,09,,VIRGINIA,9000,2001,,SLAUGHTERED,STATE,,,"TURKEYS, YOUNG, SLAUGHTER, FI - SLAUGHTERED, MEASURED IN HEAD",,TURKEYS,,NOT SPECIFIED,MONTHLY,UNITED STATES,2012-01-01 00:00:00,51,YOUNG,,POULTRY,"2,902,000",ANIMALS & PRODUCTS,HEAD,00000000,SEP,,51,"SLAUGHTER, FI",09,SURVEY,,VA,,
VIRGINIA,TOTAL,ALL PRODUCTION PRACTICES,10,,VIRGINIA,9000,2001,,SLAUGHTERED,STATE,,,"TURKEYS, YOUNG, SLAUGHTER, FI - SLAUGHTERED, MEASURED IN HEAD",,TURKEYS,,NOT SPECIFIED,MONTHLY,UNITED STATES,2012-01-01 00:00:00,51,YOUNG,,POULTRY,"3,759,000",ANIMALS & PRODUCTS,HEAD,00000000,OCT,,51,"SLAUGHTER, FI",10,SURVEY,,VA,,
VIRGINIA,TOTAL,ALL PRODUCTION PRACTICES,11,,VIRGINIA,9000,2001,,SLAUGHTERED,STATE,,,"TURKEYS, YOUNG, SLAUGHTER, FI - SLAUGHTERED, MEASURED IN HEAD",,TURKEYS,,NOT SPECIFIED,MONTHLY,UNITED STATES,2012-01-01 00:00:00,51,YOUNG,,POULTRY,"3,252,000",ANIMALS & PRODUCTS,HEAD,00000000,NOV,,51,"SLAUGHTER, FI",11,SURVEY,,VA,,
VIRGINIA,TOTAL,ALL PRODUCTION PRACTICES,12,,VIRGINIA,9000,2001,,SLAUGHTERED,STATE,,,"TURKEYS, YOUNG, SLAUGHTER, FI - SLAUGHTERED, MEASURED IN HEAD",,TURKEYS,,NOT SPECIFIED,MONTHLY,UNITED STATES,2012-01-01 00:00:00,51,YOUNG,,POULTRY,"2,690,000",ANIMALS & PRODUCTS,HEAD,00000000,DEC,,51,"SLAUGHTER, FI",12,SURVEY,,VA,,
VIRGINIA,TOTAL,ALL PRODUCTION PRACTICES,01,,VIRGINIA,9000,2000,,SLAUGHTERED,STATE,,,"TURKEYS, YOUNG, SLAUGHTER, FI - SLAUGHTERED, MEASURED IN HEAD",,TURKEYS,,NOT SPECIFIED,MONTHLY,UNITED STATES,2012-01-01 00:00:00,51,YOUNG,,POULTRY,"2,892,000",ANIMALS & PRODUCTS,HEAD,00000000,JAN,,51,"SLAUGHTER, FI",01,SURVEY,,VA,,
VIRGINIA,TOTAL,ALL PRODUCTION PRACTICES,02,,VIRGINIA,9000,2000,,SLAUGHTERED,STATE,,,"TURKEYS, YOUNG, SLAUGHTER, FI - SLAUGHTERED, MEASURED IN HEAD",,TURKEYS,,NOT SPECIFIED,MONTHLY,UNITED STATES,2012-01-01 00:00:00,51,YOUNG,,POULTRY,"3,003,000",ANIMALS & PRODUCTS,HEAD,00000000,FEB,,51,"SLAUGHTER, FI",02,SURVEY,,VA,,
VIRGINIA,TOTAL,ALL PRODUCTION PRACTICES,03,,VIRGINIA,9000,2000,,SLAUGHTERED,STATE,,,"TURKEYS, YOUNG, SLAUGHTER, FI - SLAUGHTERED, MEASURED IN HEAD",,TURKEYS,,NOT SPECIFIED,MONTHLY,UNITED STATES,2012-01-01 00:00:00,51,YOUNG,,POULTRY,"3,166,000",ANIMALS & PRODUCTS,HEAD,00000000,MAR,,51,"SLAUGHTER, FI",03,SURVEY,,VA,,
VIRGINIA,TOTAL,ALL PRODUCTION PRACTICES,04,,VIRGINIA,9000,2000,,SLAUGHTERED,STATE,,,"TURKEYS, YOUNG, SLAUGHTER, FI - SLAUGHTERED, MEASURED IN HEAD",,TURKEYS,,NOT SPECIFIED,MONTHLY,UNITED STATES,2012-01-01 00:00:00,51,YOUNG,,POULTRY,"2,807,000",ANIMALS & PRODUCTS,HEAD,00000000,APR,,51,"SLAUGHTER, FI",04,SURVEY,,VA,,
VIRGINIA,TOTAL,ALL PRODUCTION PRACTICES,05,,VIRGINIA,9000,2000,,SLAUGHTERED,STATE,,,"TURKEYS, YOUNG, SLAUGHTER, FI - SLAUGHTERED, MEASURED IN HEAD",,TURKEYS,,NOT SPECIFIED,MONTHLY,UNITED STATES,2012-01-01 00:00:00,51,YOUNG,,POULTRY,"3,189,000",ANIMALS & PRODUCTS,HEAD,00000000,MAY,,51,"SLAUGHTER, FI",05,SURVEY,,VA,,
VIRGINIA,TOTAL,ALL PRODUCTION PRACTICES,07,,VIRGINIA,9000,2000,,SLAUGHTERED,STATE,,,"TURKEYS, YOUNG, SLAUGHTER, FI - SLAUGHTERED, MEASURED IN HEAD",,TURKEYS,,NOT SPECIFIED,MONTHLY,UNITED STATES,2012-01-01 00:00:00,51,YOUNG,,POULTRY,"2,903,000",ANIMALS & PRODUCTS,HEAD,00000000,JUL,,51,"SLAUGHTER, FI",07,SURVEY,,VA,,
VIRGINIA,TOTAL,ALL PRODUCTION PRACTICES,09,,VIRGINIA,9000,2000,,SLAUGHTERED,STATE,,,"TURKEYS, YOUNG, SLAUGHTER, FI - SLAUGHTERED, MEASURED IN HEAD",,TURKEYS,,NOT SPECIFIED,MONTHLY,UNITED STATES,2012-01-01 00:00:00,51,YOUNG,,POULTRY,"2,977,000",ANIMALS & PRODUCTS,HEAD,00000000,SEP,,51,"SLAUGHTER, FI",09,SURVEY,,VA,,
VIRGINIA,TOTAL,ALL PRODUCTION PRACTICES,10,,VIRGINIA,9000,2000,,SLAUGHTERED,STATE,,,"TURKEYS, YOUNG, SLAUGHTER, FI - SLAUGHTERED, MEASURED IN HEAD",,TURKEYS,,NOT SPECIFIED,MONTHLY,UNITED STATES,2012-01-01 00:00:00,51,YOUNG,,POULTRY,"3,402,000",ANIMALS & PRODUCTS,HEAD,00000000,OCT,,51,"SLAUGHTER, FI",10,SURVEY,,VA,,
VIRGINIA,TOTAL,ALL PRODUCTION PRACTICES,11,,VIRGINIA,9000,2000,,SLAUGHTERED,STATE,,,"TURKEYS, YOUNG, SLAUGHTER, FI - SLAUGHTERED, MEASURED IN HEAD",,TURKEYS,,NOT SPECIFIED,MONTHLY,UNITED STATES,2012-01-01 00:00:00,51,YOUNG,,POULTRY,"3,107,000",ANIMALS & PRODUCTS,HEAD,00000000,NOV,,51,"SLAUGHTER, FI",11,SURVEY,,VA,,
VIRGINIA,TOTAL,ALL PRODUCTION PRACTICES,12,,VIRGINIA,9000,2000,,SLAUGHTERED,STATE,,,"TURKEYS, YOUNG, SLAUGHTER, FI - SLAUGHTERED, MEASURED IN HEAD",,TURKEYS,,NOT SPECIFIED,MONTHLY,UNITED STATES,2012-01-01 00:00:00,51,YOUNG,,POULTRY,"2,811,000",ANIMALS & PRODUCTS,HEAD,00000000,DEC,,51,"SLAUGHTER, FI",12,SURVEY,,VA,,
VIRGINIA,TOTAL,ALL PRODUCTION PRACTICES,01,,VIRGINIA,9000,1999,,SLAUGHTERED,STATE,,,"TURKEYS, YOUNG, SLAUGHTER, FI - SLAUGHTERED, MEASURED IN HEAD",,TURKEYS,,NOT SPECIFIED,MONTHLY,UNITED STATES,2012-01-01 00:00:00,51,YOUNG,,POULTRY,"3,081,000",ANIMALS & PRODUCTS,HEAD,00000000,JAN,,51,"SLAUGHTER, FI",01,SURVEY,,VA,,
VIRGINIA,TOTAL,ALL PRODUCTION PRACTICES,02,,VIRGINIA,9000,1999,,SLAUGHTERED,STATE,,,"TURKEYS, YOUNG, SLAUGHTER, FI - SLAUGHTERED, MEASURED IN HEAD",,TURKEYS,,NOT SPECIFIED,MONTHLY,UNITED STATES,2012-01-01 00:00:00,51,YOUNG,,POULTRY,"3,001,000",ANIMALS & PRODUCTS,HEAD,00000000,FEB,,51,"SLAUGHTER, FI",02,SURVEY,,VA,,
VIRGINIA,TOTAL,ALL PRODUCTION PRACTICES,03,,VIRGINIA,9000,1999,,SLAUGHTERED,STATE,,,"TURKEYS, YOUNG, SLAUGHTER, FI - SLAUGHTERED, MEASURED IN HEAD",,TURKEYS,,NOT SPECIFIED,MONTHLY,UNITED STATES,2012-01-01 00:00:00,51,YOUNG,,POULTRY,"3,307,000",ANIMALS & PRODUCTS,HEAD,00000000,MAR,,51,"SLAUGHTER, FI",03,SURVEY,,VA,,
VIRGINIA,TOTAL,ALL PRODUCTION PRACTICES,04,,VIRGINIA,9000,1999,,SLAUGHTERED,STATE,,,"TURKEYS, YOUNG, SLAUGHTER, FI - SLAUGHTERED, MEASURED IN HEAD",,TURKEYS,,NOT SPECIFIED,MONTHLY,UNITED STATES,2012-01-01 00:00:00,51,YOUNG,,POULTRY,"3,223,000",ANIMALS & PRODUCTS,HEAD,00000000,APR,,51,"SLAUGHTER, FI",04,SURVEY,,VA,,
VIRGINIA,TOTAL,ALL PRODUCTION PRACTICES,05,,VIRGINIA,9000,1999,,SLAUGHTERED,STATE,,,"TURKEYS, YOUNG, SLAUGHTER, FI - SLAUGHTERED, MEASURED IN HEAD",,TURKEYS,,NOT SPECIFIED,MONTHLY,UNITED STATES,2012-01-01 00:00:00,51,YOUNG,,POULTRY,"3,038,000",ANIMALS & PRODUCTS,HEAD,00000000,MAY,,51,"SLAUGHTER, FI",05,SURVEY,,VA,,
VIRGINIA,TOTAL,ALL PRODUCTION PRACTICES,06,,VIRGINIA,9000,1999,,SLAUGHTERED,STATE,,,"TURKEYS, YOUNG, SLAUGHTER, FI - SLAUGHTERED, MEASURED IN HEAD",,TURKEYS,,NOT SPECIFIED,MONTHLY,UNITED STATES,2012-01-01 00:00:00,51,YOUNG,,POULTRY,"2,757,000",ANIMALS & PRODUCTS,HEAD,00000000,JUN,,51,"SLAUGHTER, FI",06,SURVEY,,VA,,
VIRGINIA,TOTAL,ALL PRODUCTION PRACTICES,07,,VIRGINIA,9000,1999,,SLAUGHTERED,STATE,,,"TURKEYS, YOUNG, SLAUGHTER, FI - SLAUGHTERED, MEASURED IN HEAD",,TURKEYS,,NOT SPECIFIED,MONTHLY,UNITED STATES,2012-01-01 00:00:00,51,YOUNG,,POULTRY,"2,940,000",ANIMALS & PRODUCTS,HEAD,00000000,JUL,,51,"SLAUGHTER, FI",07,SURVEY,,VA,,
VIRGINIA,TOTAL,ALL PRODUCTION PRACTICES,08,,VIRGINIA,9000,1999,,SLAUGHTERED,STATE,,,"TURKEYS, YOUNG, SLAUGHTER, FI - SLAUGHTERED, MEASURED IN HEAD",,TURKEYS,,NOT SPECIFIED,MONTHLY,UNITED STATES,2012-01-01 00:00:00,51,YOUNG,,POULTRY,"3,093,000",ANIMALS & PRODUCTS,HEAD,00000000,AUG,,51,"SLAUGHTER, FI",08,SURVEY,,VA,,
VIRGINIA,TOTAL,ALL PRODUCTION PRACTICES,09,,VIRGINIA,9000,1999,,SLAUGHTERED,STATE,,,"TURKEYS, YOUNG, SLAUGHTER, FI - SLAUGHTERED, MEASURED IN HEAD",,TURKEYS,,NOT SPECIFIED,MONTHLY,UNITED STATES,2012-01-01 00:00:00,51,YOUNG,,POULTRY,"3,147,000",ANIMALS & PRODUCTS,HEAD,00000000,SEP,,51,"SLAUGHTER, FI",09,SURVEY,,VA,,
VIRGINIA,TOTAL,ALL PRODUCTION PRACTICES,10,,VIRGINIA,9000,1999,,SLAUGHTERED,STATE,,,"TURKEYS, YOUNG, SLAUGHTER, FI - SLAUGHTERED, MEASURED IN HEAD",,TURKEYS,,NOT SPECIFIED,MONTHLY,UNITED STATES,2012-01-01 00:00:00,51,YOUNG,,POULTRY,"3,257,000",ANIMALS & PRODUCTS,HEAD,00000000,OCT,,51,"SLAUGHTER, FI",10,SURVEY,,VA,,
VIRGINIA,TOTAL,ALL PRODUCTION PRACTICES,11,,VIRGINIA,9000,1999,,SLAUGHTERED,STATE,,,"TURKEYS, YOUNG, SLAUGHTER, FI - SLAUGHTERED, MEASURED IN HEAD",,TURKEYS,,NOT SPECIFIED,MONTHLY,UNITED STATES,2012-01-01 00:00:00,51,YOUNG,,POULTRY,"3,248,000",ANIMALS & PRODUCTS,HEAD,00000000,NOV,,51,"SLAUGHTER, FI",11,SURVEY,,VA,,
VIRGINIA,TOTAL,ALL PRODUCTION PRACTICES,12,,VIRGINIA,9000,1999,,SLAUGHTERED,STATE,,,"TURKEYS, YOUNG, SLAUGHTER, FI - SLAUGHTERED, MEASURED IN HEAD",,TURKEYS,,NOT SPECIFIED,MONTHLY,UNITED STATES,2012-01-01 00:00:00,51,YOUNG,,POULTRY,"3,041,000",ANIMALS & PRODUCTS,HEAD,00000000,DEC,,51,"SLAUGHTER, FI",12,SURVEY,,VA,,
VIRGINIA,TOTAL,ALL PRODUCTION PRACTICES,01,,VIRGINIA,9000,1998,,SLAUGHTERED,STATE,,,"TURKEYS, YOUNG, SLAUGHTER, FI - SLAUGHTERED, MEASURED IN HEAD",,TURKEYS,,NOT SPECIFIED,MONTHLY,UNITED STATES,2012-01-01 00:00:00,51,YOUNG,,POULTRY,"3,035,000",ANIMALS & PRODUCTS,HEAD,00000000,JAN,,51,"SLAUGHTER, FI",01,SURVEY,,VA,,
VIRGINIA,TOTAL,ALL PRODUCTION PRACTICES,02,,VIRGINIA,9000,1998,,SLAUGHTERED,STATE,,,"TURKEYS, YOUNG, SLAUGHTER, FI - SLAUGHTERED, MEASURED IN HEAD",,TURKEYS,,NOT SPECIFIED,MONTHLY,UNITED STATES,2012-01-01 00:00:00,51,YOUNG,,POULTRY,"2,430,000",ANIMALS & PRODUCTS,HEAD,00000000,FEB,,51,"SLAUGHTER, FI",02,SURVEY,,VA,,
VIRGINIA,TOTAL,ALL PRODUCTION PRACTICES,03,,VIRGINIA,9000,1998,,SLAUGHTERED,STATE,,,"TURKEYS, YOUNG, SLAUGHTER, FI - SLAUGHTERED, MEASURED IN HEAD",,TURKEYS,,NOT SPECIFIED,MONTHLY,UNITED STATES,2012-01-01 00:00:00,51,YOUNG,,POULTRY,"2,734,000",ANIMALS & PRODUCTS,HEAD,00000000,MAR,,51,"SLAUGHTER, FI",03,SURVEY,,VA,,
VIRGINIA,TOTAL,ALL PRODUCTION PRACTICES,04,,VIRGINIA,9000,1998,,SLAUGHTERED,STATE,,,"TURKEYS, YOUNG, SLAUGHTER, FI - SLAUGHTERED, MEASURED IN HEAD",,TURKEYS,,NOT SPECIFIED,MONTHLY,UNITED STATES,2012-01-01 00:00:00,51,YOUNG,,POULTRY,"2,732,000",ANIMALS & PRODUCTS,HEAD,00000000,APR,,51,"SLAUGHTER, FI",04,SURVEY,,VA,,
VIRGINIA,TOTAL,ALL PRODUCTION PRACTICES,05,,VIRGINIA,9000,1998,,SLAUGHTERED,STATE,,,"TURKEYS, YOUNG, SLAUGHTER, FI - SLAUGHTERED, MEASURED IN HEAD",,TURKEYS,,NOT SPECIFIED,MONTHLY,UNITED STATES,2012-01-01 00:00:00,51,YOUNG,,POULTRY,"2,396,000",ANIMALS & PRODUCTS,HEAD,00000000,MAY,,51,"SLAUGHTER, FI",05,SURVEY,,VA,,
VIRGINIA,TOTAL,ALL PRODUCTION PRACTICES,06,,VIRGINIA,9000,1998,,SLAUGHTERED,STATE,,,"TURKEYS, YOUNG, SLAUGHTER, FI - SLAUGHTERED, MEASURED IN HEAD",,TURKEYS,,NOT SPECIFIED,MONTHLY,UNITED STATES,2012-01-01 00:00:00,51,YOUNG,,POULTRY,"3,025,000",ANIMALS & PRODUCTS,HEAD,00000000,JUN,,51,"SLAUGHTER, FI",06,SURVEY,,VA,,
VIRGINIA,TOTAL,ALL PRODUCTION PRACTICES,09,,VIRGINIA,9000,1998,,SLAUGHTERED,STATE,,,"TURKEYS, YOUNG, SLAUGHTER, FI - SLAUGHTERED, MEASURED IN HEAD",,TURKEYS,,NOT SPECIFIED,MONTHLY,UNITED STATES,2012-01-01 00:00:00,51,YOUNG,,POULTRY,"3,062,000",ANIMALS & PRODUCTS,HEAD,00000000,SEP,,51,"SLAUGHTER, FI",09,SURVEY,,VA,,
VIRGINIA,TOTAL,ALL PRODUCTION PRACTICES,10,,VIRGINIA,9000,1998,,SLAUGHTERED,STATE,,,"TURKEYS, YOUNG, SLAUGHTER, FI - SLAUGHTERED, MEASURED IN HEAD",,TURKEYS,,NOT SPECIFIED,MONTHLY,UNITED STATES,2012-01-01 00:00:00,51,YOUNG,,POULTRY,"3,340,000",ANIMALS & PRODUCTS,HEAD,00000000,OCT,,51,"SLAUGHTER, FI",10,SURVEY,,VA,,
VIRGINIA,TOTAL,ALL PRODUCTION PRACTICES,11,,VIRGINIA,9000,1998,,SLAUGHTERED,STATE,,,"TURKEYS, YOUNG, SLAUGHTER, FI - SLAUGHTERED, MEASURED IN HEAD",,TURKEYS,,NOT SPECIFIED,MONTHLY,UNITED STATES,2012-01-01 00:00:00,51,YOUNG,,POULTRY,"3,164,000",ANIMALS & PRODUCTS,HEAD,00000000,NOV,,51,"SLAUGHTER, FI",11,SURVEY,,VA,,
VIRGINIA,TOTAL,ALL PRODUCTION PRACTICES,12,,VIRGINIA,9000,1998,,SLAUGHTERED,STATE,,,"TURKEYS, YOUNG, SLAUGHTER, FI - SLAUGHTERED, MEASURED IN HEAD",,TURKEYS,,NOT SPECIFIED,MONTHLY,UNITED STATES,2012-01-01 00:00:00,51,YOUNG,,POULTRY,"3,236,000",ANIMALS & PRODUCTS,HEAD,00000000,DEC,,51,"SLAUGHTER, FI",12,SURVEY,,VA,,
VIRGINIA,TOTAL,ALL PRODUCTION PRACTICES,01,,VIRGINIA,9000,1997,,SLAUGHTERED,STATE,,,"TURKEYS, YOUNG, SLAUGHTER, FI - SLAUGHTERED, MEASURED IN HEAD",,TURKEYS,,NOT SPECIFIED,MONTHLY,UNITED STATES,2012-01-01 00:00:00,51,YOUNG,,POULTRY,"3,061,000",ANIMALS & PRODUCTS,HEAD,00000000,JAN,,51,"SLAUGHTER, FI",01,SURVEY,,VA,,
VIRGINIA,TOTAL,ALL PRODUCTION PRACTICES,02,,VIRGINIA,9000,1997,,SLAUGHTERED,STATE,,,"TURKEYS, YOUNG, SLAUGHTER, FI - SLAUGHTERED, MEASURED IN HEAD",,TURKEYS,,NOT SPECIFIED,MONTHLY,UNITED STATES,2012-01-01 00:00:00,51,YOUNG,,POULTRY,"2,540,000",ANIMALS & PRODUCTS,HEAD,00000000,FEB,,51,"SLAUGHTER, FI",02,SURVEY,,VA,,
VIRGINIA,TOTAL,ALL PRODUCTION PRACTICES,03,,VIRGINIA,9000,1997,,SLAUGHTERED,STATE,,,"TURKEYS, YOUNG, SLAUGHTER, FI - SLAUGHTERED, MEASURED IN HEAD",,TURKEYS,,NOT SPECIFIED,MONTHLY,UNITED STATES,2012-01-01 00:00:00,51,YOUNG,,POULTRY,"2,699,000",ANIMALS & PRODUCTS,HEAD,00000000,MAR,,51,"SLAUGHTER, FI",03,SURVEY,,VA,,
VIRGINIA,TOTAL,ALL PRODUCTION PRACTICES,04,,VIRGINIA,9000,1997,,SLAUGHTERED,STATE,,,"TURKEYS, YOUNG, SLAUGHTER, FI - SLAUGHTERED, MEASURED IN HEAD",,TURKEYS,,NOT SPECIFIED,MONTHLY,UNITED STATES,2012-01-01 00:00:00,51,YOUNG,,POULTRY,"3,180,000",ANIMALS & PRODUCTS,HEAD,00000000,APR,,51,"SLAUGHTER, FI",04,SURVEY,,VA,,
VIRGINIA,TOTAL,ALL PRODUCTION PRACTICES,05,,VIRGINIA,9000,1997,,SLAUGHTERED,STATE,,,"TURKEYS, YOUNG, SLAUGHTER, FI - SLAUGHTERED, MEASURED IN HEAD",,TURKEYS,,NOT SPECIFIED,MONTHLY,UNITED STATES,2012-01-01 00:00:00,51,YOUNG,,POULTRY,"2,851,000",ANIMALS & PRODUCTS,HEAD,00000000,MAY,,51,"SLAUGHTER, FI",05,SURVEY,,VA,,
VIRGINIA,TOTAL,ALL PRODUCTION PRACTICES,06,,VIRGINIA,9000,1997,,SLAUGHTERED,STATE,,,"TURKEYS, YOUNG, SLAUGHTER, FI - SLAUGHTERED, MEASURED IN HEAD",,TURKEYS,,NOT SPECIFIED,MONTHLY,UNITED STATES,2012-01-01 00:00:00,51,YOUNG,,POULTRY,"3,087,000",ANIMALS & PRODUCTS,HEAD,00000000,JUN,,51,"SLAUGHTER, FI",06,SURVEY,,VA,,
VIRGINIA,TOTAL,ALL PRODUCTION PRACTICES,07,,VIRGINIA,9000,1997,,SLAUGHTERED,STATE,,,"TURKEYS, YOUNG, SLAUGHTER, FI - SLAUGHTERED, MEASURED IN HEAD",,TURKEYS,,NOT SPECIFIED,MONTHLY,UNITED STATES,2012-01-01 00:00:00,51,YOUNG,,POULTRY,"3,389,000",ANIMALS & PRODUCTS,HEAD,00000000,JUL,,51,"SLAUGHTER, FI",07,SURVEY,,VA,,
VIRGINIA,TOTAL,ALL PRODUCTION PRACTICES,08,,VIRGINIA,9000,1997,,SLAUGHTERED,STATE,,,"TURKEYS, YOUNG, SLAUGHTER, FI - SLAUGHTERED, MEASURED IN HEAD",,TURKEYS,,NOT SPECIFIED,MONTHLY,UNITED STATES,2012-01-01 00:00:00,51,YOUNG,,POULTRY,"3,076,000",ANIMALS & PRODUCTS,HEAD,00000000,AUG,,51,"SLAUGHTER, FI",08,SURVEY,,VA,,
VIRGINIA,TOTAL,ALL PRODUCTION PRACTICES,09,,VIRGINIA,9000,1997,,SLAUGHTERED,STATE,,,"TURKEYS, YOUNG, SLAUGHTER, FI - SLAUGHTERED, MEASURED IN HEAD",,TURKEYS,,NOT SPECIFIED,MONTHLY,UNITED STATES,2012-01-01 00:00:00,51,YOUNG,,POULTRY,"2,981,000",ANIMALS & PRODUCTS,HEAD,00000000,SEP,,51,"SLAUGHTER, FI",09,SURVEY,,VA,,
VIRGINIA,TOTAL,ALL PRODUCTION PRACTICES,10,,VIRGINIA,9000,1997,,SLAUGHTERED,STATE,,,"TURKEYS, YOUNG, SLAUGHTER, FI - SLAUGHTERED, MEASURED IN HEAD",,TURKEYS,,NOT SPECIFIED,MONTHLY,UNITED STATES,2012-01-01 00:00:00,51,YOUNG,,POULTRY,"3,447,000",ANIMALS & PRODUCTS,HEAD,00000000,OCT,,51,"SLAUGHTER, FI",10,SURVEY,,VA,,
VIRGINIA,TOTAL,ALL PRODUCTION PRACTICES,11,,VIRGINIA,9000,1997,,SLAUGHTERED,STATE,,,"TURKEYS, YOUNG, SLAUGHTER, FI - SLAUGHTERED, MEASURED IN HEAD",,TURKEYS,,NOT SPECIFIED,MONTHLY,UNITED STATES,2012-01-01 00:00:00,51,YOUNG,,POULTRY,"2,938,000",ANIMALS & PRODUCTS,HEAD,00000000,NOV,,51,"SLAUGHTER, FI",11,SURVEY,,VA,,
VIRGINIA,TOTAL,ALL PRODUCTION PRACTICES,12,,VIRGINIA,9000,1997,,SLAUGHTERED,STATE,,,"TURKEYS, YOUNG, SLAUGHTER, FI - SLAUGHTERED, MEASURED IN HEAD",,TURKEYS,,NOT SPECIFIED,MONTHLY,UNITED STATES,2012-01-01 00:00:00,51,YOUNG,,POULTRY,"2,720,000",ANIMALS & PRODUCTS,HEAD,00000000,DEC,,51,"SLAUGHTER, FI",12,SURVEY,,VA,,
VIRGINIA,TOTAL,ALL PRODUCTION PRACTICES,01,,VIRGINIA,9000,1996,,SLAUGHTERED,STATE,,,"TURKEYS, YOUNG, SLAUGHTER, FI - SLAUGHTERED, MEASURED IN HEAD",,TURKEYS,,NOT SPECIFIED,MONTHLY,UNITED STATES,2012-01-01 00:00:00,51,YOUNG,,POULTRY,"2,937,000",ANIMALS & PRODUCTS,HEAD,00000000,JAN,,51,"SLAUGHTER, FI",01,SURVEY,,VA,,
VIRGINIA,TOTAL,ALL PRODUCTION PRACTICES,02,,VIRGINIA,9000,1996,,SLAUGHTERED,STATE,,,"TURKEYS, YOUNG, SLAUGHTER, FI - SLAUGHTERED, MEASURED IN HEAD",,TURKEYS,,NOT SPECIFIED,MONTHLY,UNITED STATES,2012-01-01 00:00:00,51,YOUNG,,POULTRY,"3,081,000",ANIMALS & PRODUCTS,HEAD,00000000,FEB,,51,"SLAUGHTER, FI",02,SURVEY,,VA,,
VIRGINIA,TOTAL,ALL PRODUCTION PRACTICES,03,,VIRGINIA,9000,1996,,SLAUGHTERED,STATE,,,"TURKEYS, YOUNG, SLAUGHTER, FI - SLAUGHTERED, MEASURED IN HEAD",,TURKEYS,,NOT SPECIFIED,MONTHLY,UNITED STATES,2012-01-01 00:00:00,51,YOUNG,,POULTRY,"3,196,000",ANIMALS & PRODUCTS,HEAD,00000000,MAR,,51,"SLAUGHTER, FI",03,SURVEY,,VA,,
VIRGINIA,TOTAL,ALL PRODUCTION PRACTICES,04,,VIRGINIA,9000,1996,,SLAUGHTERED,STATE,,,"TURKEYS, YOUNG, SLAUGHTER, FI - SLAUGHTERED, MEASURED IN HEAD",,TURKEYS,,NOT SPECIFIED,MONTHLY,UNITED STATES,2012-01-01 00:00:00,51,YOUNG,,POULTRY,"3,190,000",ANIMALS & PRODUCTS,HEAD,00000000,APR,,51,"SLAUGHTER, FI",04,SURVEY,,VA,,
VIRGINIA,TOTAL,ALL PRODUCTION PRACTICES,05,,VIRGINIA,9000,1996,,SLAUGHTERED,STATE,,,"TURKEYS, YOUNG, SLAUGHTER, FI - SLAUGHTERED, MEASURED IN HEAD",,TURKEYS,,NOT SPECIFIED,MONTHLY,UNITED STATES,2012-01-01 00:00:00,51,YOUNG,,POULTRY,"3,484,000",ANIMALS & PRODUCTS,HEAD,00000000,MAY,,51,"SLAUGHTER, FI",05,SURVEY,,VA,,
VIRGINIA,TOTAL,ALL PRODUCTION PRACTICES,06,,VIRGINIA,9000,1996,,SLAUGHTERED,STATE,,,"TURKEYS, YOUNG, SLAUGHTER, FI - SLAUGHTERED, MEASURED IN HEAD",,TURKEYS,,NOT SPECIFIED,MONTHLY,UNITED STATES,2012-01-01 00:00:00,51,YOUNG,,POULTRY,"3,078,000",ANIMALS & PRODUCTS,HEAD,00000000,JUN,,51,"SLAUGHTER, FI",06,SURVEY,,VA,,
VIRGINIA,TOTAL,ALL PRODUCTION PRACTICES,07,,VIRGINIA,9000,1996,,SLAUGHTERED,STATE,,,"TURKEYS, YOUNG, SLAUGHTER, FI - SLAUGHTERED, MEASURED IN HEAD",,TURKEYS,,NOT SPECIFIED,MONTHLY,UNITED STATES,2012-01-01 00:00:00,51,YOUNG,,POULTRY,"3,386,000",ANIMALS & PRODUCTS,HEAD,00000000,JUL,,51,"SLAUGHTER, FI",07,SURVEY,,VA,,
VIRGINIA,TOTAL,ALL PRODUCTION PRACTICES,08,,VIRGINIA,9000,1996,,SLAUGHTERED,STATE,,,"TURKEYS, YOUNG, SLAUGHTER, FI - SLAUGHTERED, MEASURED IN HEAD",,TURKEYS,,NOT SPECIFIED,MONTHLY,UNITED STATES,2012-01-01 00:00:00,51,YOUNG,,POULTRY,"3,521,000",ANIMALS & PRODUCTS,HEAD,00000000,AUG,,51,"SLAUGHTER, FI",08,SURVEY,,VA,,
VIRGINIA,TOTAL,ALL PRODUCTION PRACTICES,09,,VIRGINIA,9000,1996,,SLAUGHTERED,STATE,,,"TURKEYS, YOUNG, SLAUGHTER, FI - SLAUGHTERED, MEASURED IN HEAD",,TURKEYS,,NOT SPECIFIED,MONTHLY,UNITED STATES,2012-01-01 00:00:00,51,YOUNG,,POULTRY,"3,167,000",ANIMALS & PRODUCTS,HEAD,00000000,SEP,,51,"SLAUGHTER, FI",09,SURVEY,,VA,,
VIRGINIA,TOTAL,ALL PRODUCTION PRACTICES,10,,VIRGINIA,9000,1996,,SLAUGHTERED,STATE,,,"TURKEYS, YOUNG, SLAUGHTER, FI - SLAUGHTERED, MEASURED IN HEAD",,TURKEYS,,NOT SPECIFIED,MONTHLY,UNITED STATES,2012-01-01 00:00:00,51,YOUNG,,POULTRY,"3,329,000",ANIMALS & PRODUCTS,HEAD,00000000,OCT,,51,"SLAUGHTER, FI",10,SURVEY,,VA,,
VIRGINIA,TOTAL,ALL PRODUCTION PRACTICES,11,,VIRGINIA,9000,1996,,SLAUGHTERED,STATE,,,"TURKEYS, YOUNG, SLAUGHTER, FI - SLAUGHTERED, MEASURED IN HEAD",,TURKEYS,,NOT SPECIFIED,MONTHLY,UNITED STATES,2012-01-01 00:00:00,51,YOUNG,,POULTRY,"3,077,000",ANIMALS & PRODUCTS,HEAD,00000000,NOV,,51,"SLAUGHTER, FI",11,SURVEY,,VA,,
VIRGINIA,TOTAL,ALL PRODUCTION PRACTICES,12,,VIRGINIA,9000,1996,,SLAUGHTERED,STATE,,,"TURKEYS, YOUNG, SLAUGHTER, FI - SLAUGHTERED, MEASURED IN HEAD",,TURKEYS,,NOT SPECIFIED,MONTHLY,UNITED STATES,2012-01-01 00:00:00,51,YOUNG,,POULTRY,"3,000,000",ANIMALS & PRODUCTS,HEAD,00000000,DEC,,51,"SLAUGHTER, FI",12,SURVEY,,VA,,
VIRGINIA,TOTAL,ALL PRODUCTION PRACTICES,01,,VIRGINIA,9000,1995,,SLAUGHTERED,STATE,,,"TURKEYS, YOUNG, SLAUGHTER, FI - SLAUGHTERED, MEASURED IN HEAD",,TURKEYS,,NOT SPECIFIED,MONTHLY,UNITED STATES,2012-01-01 00:00:00,51,YOUNG,,POULTRY,"2,871,000",ANIMALS & PRODUCTS,HEAD,00000000,JAN,,51,"SLAUGHTER, FI",01,SURVEY,,VA,,
VIRGINIA,TOTAL,ALL PRODUCTION PRACTICES,02,,VIRGINIA,9000,1995,,SLAUGHTERED,STATE,,,"TURKEYS, YOUNG, SLAUGHTER, FI - SLAUGHTERED, MEASURED IN HEAD",,TURKEYS,,NOT SPECIFIED,MONTHLY,UNITED STATES,2012-01-01 00:00:00,51,YOUNG,,POULTRY,"2,700,000",ANIMALS & PRODUCTS,HEAD,00000000,FEB,,51,"SLAUGHTER, FI",02,SURVEY,,VA,,
VIRGINIA,TOTAL,ALL PRODUCTION PRACTICES,03,,VIRGINIA,9000,1995,,SLAUGHTERED,STATE,,,"TURKEYS, YOUNG, SLAUGHTER, FI - SLAUGHTERED, MEASURED IN HEAD",,TURKEYS,,NOT SPECIFIED,MONTHLY,UNITED STATES,2012-01-01 00:00:00,51,YOUNG,,POULTRY,"3,294,000",ANIMALS & PRODUCTS,HEAD,00000000,MAR,,51,"SLAUGHTER, FI",03,SURVEY,,VA,,
VIRGINIA,TOTAL,ALL PRODUCTION PRACTICES,04,,VIRGINIA,9000,1995,,SLAUGHTERED,STATE,,,"TURKEYS, YOUNG, SLAUGHTER, FI - SLAUGHTERED, MEASURED IN HEAD",,TURKEYS,,NOT SPECIFIED,MONTHLY,UNITED STATES,2012-01-01 00:00:00,51,YOUNG,,POULTRY,"2,502,000",ANIMALS & PRODUCTS,HEAD,00000000,APR,,51,"SLAUGHTER, FI",04,SURVEY,,VA,,
VIRGINIA,TOTAL,ALL PRODUCTION PRACTICES,05,,VIRGINIA,9000,1995,,SLAUGHTERED,STATE,,,"TURKEYS, YOUNG, SLAUGHTER, FI - SLAUGHTERED, MEASURED IN HEAD",,TURKEYS,,NOT SPECIFIED,MONTHLY,UNITED STATES,2012-01-01 00:00:00,51,YOUNG,,POULTRY,"3,238,000",ANIMALS & PRODUCTS,HEAD,00000000,MAY,,51,"SLAUGHTER, FI",05,SURVEY,,VA,,
VIRGINIA,TOTAL,ALL PRODUCTION PRACTICES,06,,VIRGINIA,9000,1995,,SLAUGHTERED,STATE,,,"TURKEYS, YOUNG, SLAUGHTER, FI - SLAUGHTERED, MEASURED IN HEAD",,TURKEYS,,NOT SPECIFIED,MONTHLY,UNITED STATES,2012-01-01 00:00:00,51,YOUNG,,POULTRY,"3,417,000",ANIMALS & PRODUCTS,HEAD,00000000,JUN,,51,"SLAUGHTER, FI",06,SURVEY,,VA,,
VIRGINIA,TOTAL,ALL PRODUCTION PRACTICES,07,,VIRGINIA,9000,1995,,SLAUGHTERED,STATE,,,"TURKEYS, YOUNG, SLAUGHTER, FI - SLAUGHTERED, MEASURED IN HEAD",,TURKEYS,,NOT SPECIFIED,MONTHLY,UNITED STATES,2012-01-01 00:00:00,51,YOUNG,,POULTRY,"3,024,000",ANIMALS & PRODUCTS,HEAD,00000000,JUL,,51,"SLAUGHTER, FI",07,SURVEY,,VA,,
VIRGINIA,TOTAL,ALL PRODUCTION PRACTICES,08,,VIRGINIA,9000,1995,,SLAUGHTERED,STATE,,,"TURKEYS, YOUNG, SLAUGHTER, FI - SLAUGHTERED, MEASURED IN HEAD",,TURKEYS,,NOT SPECIFIED,MONTHLY,UNITED STATES,2012-01-01 00:00:00,51,YOUNG,,POULTRY,"3,277,000",ANIMALS & PRODUCTS,HEAD,00000000,AUG,,51,"SLAUGHTER, FI",08,SURVEY,,VA,,
VIRGINIA,TOTAL,ALL PRODUCTION PRACTICES,09,,VIRGINIA,9000,1995,,SLAUGHTERED,STATE,,,"TURKEYS, YOUNG, SLAUGHTER, FI - SLAUGHTERED, MEASURED IN HEAD",,TURKEYS,,NOT SPECIFIED,MONTHLY,UNITED STATES,2012-01-01 00:00:00,51,YOUNG,,POULTRY,"3,309,000",ANIMALS & PRODUCTS,HEAD,00000000,SEP,,51,"SLAUGHTER, FI",09,SURVEY,,VA,,
VIRGINIA,TOTAL,ALL PRODUCTION PRACTICES,10,,VIRGINIA,9000,1995,,SLAUGHTERED,STATE,,,"TURKEYS, YOUNG, SLAUGHTER, FI - SLAUGHTERED, MEASURED IN HEAD",,TURKEYS,,NOT SPECIFIED,MONTHLY,UNITED STATES,2012-01-01 00:00:00,51,YOUNG,,POULTRY,"3,705,000",ANIMALS & PRODUCTS,HEAD,00000000,OCT,,51,"SLAUGHTER, FI",10,SURVEY,,VA,,
VIRGINIA,TOTAL,ALL PRODUCTION PRACTICES,11,,VIRGINIA,9000,1995,,SLAUGHTERED,STATE,,,"TURKEYS, YOUNG, SLAUGHTER, FI - SLAUGHTERED, MEASURED IN HEAD",,TURKEYS,,NOT SPECIFIED,MONTHLY,UNITED STATES,2012-01-01 00:00:00,51,YOUNG,,POULTRY,"3,087,000",ANIMALS & PRODUCTS,HEAD,00000000,NOV,,51,"SLAUGHTER, FI",11,SURVEY,,VA,,
VIRGINIA,TOTAL,ALL PRODUCTION PRACTICES,12,,VIRGINIA,9000,1995,,SLAUGHTERED,STATE,,,"TURKEYS, YOUNG, SLAUGHTER, FI - SLAUGHTERED, MEASURED IN HEAD",,TURKEYS,,NOT SPECIFIED,MONTHLY,UNITED STATES,2012-01-01 00:00:00,51,YOUNG,,POULTRY,"2,613,000",ANIMALS & PRODUCTS,HEAD,00000000,DEC,,51,"SLAUGHTER, FI",12,SURVEY,,VA,,
VIRGINIA,TOTAL,ALL PRODUCTION PRACTICES,01,,VIRGINIA,9000,1994,,SLAUGHTERED,STATE,,,"TURKEYS, YOUNG, SLAUGHTER, FI - SLAUGHTERED, MEASURED IN HEAD",,TURKEYS,,NOT SPECIFIED,MONTHLY,UNITED STATES,2012-01-01 00:00:00,51,YOUNG,,POULTRY,"2,914,000",ANIMALS & PRODUCTS,HEAD,00000000,JAN,,51,"SLAUGHTER, FI",01,SURVEY,,VA,,
VIRGINIA,TOTAL,ALL PRODUCTION PRACTICES,02,,VIRGINIA,9000,1994,,SLAUGHTERED,STATE,,,"TURKEYS, YOUNG, SLAUGHTER, FI - SLAUGHTERED, MEASURED IN HEAD",,TURKEYS,,NOT SPECIFIED,MONTHLY,UNITED STATES,2012-01-01 00:00:00,51,YOUNG,,POULTRY,"2,762,000",ANIMALS & PRODUCTS,HEAD,00000000,FEB,,51,"SLAUGHTER, FI",02,SURVEY,,VA,,
VIRGINIA,TOTAL,ALL PRODUCTION PRACTICES,03,,VIRGINIA,9000,1994,,SLAUGHTERED,STATE,,,"TURKEYS, YOUNG, SLAUGHTER, FI - SLAUGHTERED, MEASURED IN HEAD",,TURKEYS,,NOT SPECIFIED,MONTHLY,UNITED STATES,2012-01-01 00:00:00,51,YOUNG,,POULTRY,"3,057,000",ANIMALS & PRODUCTS,HEAD,00000000,MAR,,51,"SLAUGHTER, FI",03,SURVEY,,VA,,
VIRGINIA,TOTAL,ALL PRODUCTION PRACTICES,04,,VIRGINIA,9000,1994,,SLAUGHTERED,STATE,,,"TURKEYS, YOUNG, SLAUGHTER, FI - SLAUGHTERED, MEASURED IN HEAD",,TURKEYS,,NOT SPECIFIED,MONTHLY,UNITED STATES,2012-01-01 00:00:00,51,YOUNG,,POULTRY,"3,053,000",ANIMALS & PRODUCTS,HEAD,00000000,APR,,51,"SLAUGHTER, FI",04,SURVEY,,VA,,
VIRGINIA,TOTAL,ALL PRODUCTION PRACTICES,05,,VIRGINIA,9000,1994,,SLAUGHTERED,STATE,,,"TURKEYS, YOUNG, SLAUGHTER, FI - SLAUGHTERED, MEASURED IN HEAD",,TURKEYS,,NOT SPECIFIED,MONTHLY,UNITED STATES,2012-01-01 00:00:00,51,YOUNG,,POULTRY,"3,207,000",ANIMALS & PRODUCTS,HEAD,00000000,MAY,,51,"SLAUGHTER, FI",05,SURVEY,,VA,,
VIRGINIA,TOTAL,ALL PRODUCTION PRACTICES,06,,VIRGINIA,9000,1994,,SLAUGHTERED,STATE,,,"TURKEYS, YOUNG, SLAUGHTER, FI - SLAUGHTERED, MEASURED IN HEAD",,TURKEYS,,NOT SPECIFIED,MONTHLY,UNITED STATES,2012-01-01 00:00:00,51,YOUNG,,POULTRY,"3,189,000",ANIMALS & PRODUCTS,HEAD,00000000,JUN,,51,"SLAUGHTER, FI",06,SURVEY,,VA,,
VIRGINIA,TOTAL,ALL PRODUCTION PRACTICES,07,,VIRGINIA,9000,1994,,SLAUGHTERED,STATE,,,"TURKEYS, YOUNG, SLAUGHTER, FI - SLAUGHTERED, MEASURED IN HEAD",,TURKEYS,,NOT SPECIFIED,MONTHLY,UNITED STATES,2012-01-01 00:00:00,51,YOUNG,,POULTRY,"3,071,000",ANIMALS & PRODUCTS,HEAD,00000000,JUL,,51,"SLAUGHTER, FI",07,SURVEY,,VA,,
VIRGINIA,TOTAL,ALL PRODUCTION PRACTICES,08,,VIRGINIA,9000,1994,,SLAUGHTERED,STATE,,,"TURKEYS, YOUNG, SLAUGHTER, FI - SLAUGHTERED, MEASURED IN HEAD",,TURKEYS,,NOT SPECIFIED,MONTHLY,UNITED STATES,2012-01-01 00:00:00,51,YOUNG,,POULTRY,"3,680,000",ANIMALS & PRODUCTS,HEAD,00000000,AUG,,51,"SLAUGHTER, FI",08,SURVEY,,VA,,
VIRGINIA,TOTAL,ALL PRODUCTION PRACTICES,09,,VIRGINIA,9000,1994,,SLAUGHTERED,STATE,,,"TURKEYS, YOUNG, SLAUGHTER, FI - SLAUGHTERED, MEASURED IN HEAD",,TURKEYS,,NOT SPECIFIED,MONTHLY,UNITED STATES,2012-01-01 00:00:00,51,YOUNG,,POULTRY,"3,223,000",ANIMALS & PRODUCTS,HEAD,00000000,SEP,,51,"SLAUGHTER, FI",09,SURVEY,,VA,,
VIRGINIA,TOTAL,ALL PRODUCTION PRACTICES,10,,VIRGINIA,9000,1994,,SLAUGHTERED,STATE,,,"TURKEYS, YOUNG, SLAUGHTER, FI - SLAUGHTERED, MEASURED IN HEAD",,TURKEYS,,NOT SPECIFIED,MONTHLY,UNITED STATES,2012-01-01 00:00:00,51,YOUNG,,POULTRY,"3,375,000",ANIMALS & PRODUCTS,HEAD,00000000,OCT,,51,"SLAUGHTER, FI",10,SURVEY,,VA,,
VIRGINIA,TOTAL,ALL PRODUCTION PRACTICES,11,,VIRGINIA,9000,1994,,SLAUGHTERED,STATE,,,"TURKEYS, YOUNG, SLAUGHTER, FI - SLAUGHTERED, MEASURED IN HEAD",,TURKEYS,,NOT SPECIFIED,MONTHLY,UNITED STATES,2012-01-01 00:00:00,51,YOUNG,,POULTRY,"3,422,000",ANIMALS & PRODUCTS,HEAD,00000000,NOV,,51,"SLAUGHTER, FI",11,SURVEY,,VA,,
VIRGINIA,TOTAL,ALL PRODUCTION PRACTICES,12,,VIRGINIA,9000,1994,,SLAUGHTERED,STATE,,,"TURKEYS, YOUNG, SLAUGHTER, FI - SLAUGHTERED, MEASURED IN HEAD",,TURKEYS,,NOT SPECIFIED,MONTHLY,UNITED STATES,2012-01-01 00:00:00,51,YOUNG,,POULTRY,"2,830,000",ANIMALS & PRODUCTS,HEAD,00000000,DEC,,51,"SLAUGHTER, FI",12,SURVEY,,VA,,
VIRGINIA,TOTAL,ALL PRODUCTION PRACTICES,01,,VIRGINIA,9000,1993,,SLAUGHTERED,STATE,,,"TURKEYS, YOUNG, SLAUGHTER, FI - SLAUGHTERED, MEASURED IN HEAD",,TURKEYS,,NOT SPECIFIED,MONTHLY,UNITED STATES,2012-01-01 00:00:00,51,YOUNG,,POULTRY,"2,830,000",ANIMALS & PRODUCTS,HEAD,00000000,JAN,,51,"SLAUGHTER, FI",01,SURVEY,,VA,,
VIRGINIA,TOTAL,ALL PRODUCTION PRACTICES,02,,VIRGINIA,9000,1993,,SLAUGHTERED,STATE,,,"TURKEYS, YOUNG, SLAUGHTER, FI - SLAUGHTERED, MEASURED IN HEAD",,TURKEYS,,NOT SPECIFIED,MONTHLY,UNITED STATES,2012-01-01 00:00:00,51,YOUNG,,POULTRY,"2,691,000",ANIMALS & PRODUCTS,HEAD,00000000,FEB,,51,"SLAUGHTER, FI",02,SURVEY,,VA,,
VIRGINIA,TOTAL,ALL PRODUCTION PRACTICES,03,,VIRGINIA,9000,1993,,SLAUGHTERED,STATE,,,"TURKEYS, YOUNG, SLAUGHTER, FI - SLAUGHTERED, MEASURED IN HEAD",,TURKEYS,,NOT SPECIFIED,MONTHLY,UNITED STATES,2012-01-01 00:00:00,51,YOUNG,,POULTRY,"3,070,000",ANIMALS & PRODUCTS,HEAD,00000000,MAR,,51,"SLAUGHTER, FI",03,SURVEY,,VA,,
VIRGINIA,TOTAL,ALL PRODUCTION PRACTICES,04,,VIRGINIA,9000,1993,,SLAUGHTERED,STATE,,,"TURKEYS, YOUNG, SLAUGHTER, FI - SLAUGHTERED, MEASURED IN HEAD",,TURKEYS,,NOT SPECIFIED,MONTHLY,UNITED STATES,2012-01-01 00:00:00,51,YOUNG,,POULTRY,"2,947,000",ANIMALS & PRODUCTS,HEAD,00000000,APR,,51,"SLAUGHTER, FI",04,SURVEY,,VA,,
VIRGINIA,TOTAL,ALL PRODUCTION PRACTICES,05,,VIRGINIA,9000,1993,,SLAUGHTERED,STATE,,,"TURKEYS, YOUNG, SLAUGHTER, FI - SLAUGHTERED, MEASURED IN HEAD",,TURKEYS,,NOT SPECIFIED,MONTHLY,UNITED STATES,2012-01-01 00:00:00,51,YOUNG,,POULTRY,"2,726,000",ANIMALS & PRODUCTS,HEAD,00000000,MAY,,51,"SLAUGHTER, FI",05,SURVEY,,VA,,
VIRGINIA,TOTAL,ALL PRODUCTION PRACTICES,06,,VIRGINIA,9000,1993,,SLAUGHTERED,STATE,,,"TURKEYS, YOUNG, SLAUGHTER, FI - SLAUGHTERED, MEASURED IN HEAD",,TURKEYS,,NOT SPECIFIED,MONTHLY,UNITED STATES,2012-01-01 00:00:00,51,YOUNG,,POULTRY,"3,099,000",ANIMALS & PRODUCTS,HEAD,00000000,JUN,,51,"SLAUGHTER, FI",06,SURVEY,,VA,,
VIRGINIA,TOTAL,ALL PRODUCTION PRACTICES,07,,VIRGINIA,9000,1993,,SLAUGHTERED,STATE,,,"TURKEYS, YOUNG, SLAUGHTER, FI - SLAUGHTERED, MEASURED IN HEAD",,TURKEYS,,NOT SPECIFIED,MONTHLY,UNITED STATES,2012-01-01 00:00:00,51,YOUNG,,POULTRY,"3,201,000",ANIMALS & PRODUCTS,HEAD,00000000,JUL,,51,"SLAUGHTER, FI",07,SURVEY,,VA,,
VIRGINIA,TOTAL,ALL PRODUCTION PRACTICES,08,,VIRGINIA,9000,1993,,SLAUGHTERED,STATE,,,"TURKEYS, YOUNG, SLAUGHTER, FI - SLAUGHTERED, MEASURED IN HEAD",,TURKEYS,,NOT SPECIFIED,MONTHLY,UNITED STATES,2012-01-01 00:00:00,51,YOUNG,,POULTRY,"3,050,000",ANIMALS & PRODUCTS,HEAD,00000000,AUG,,51,"SLAUGHTER, FI",08,SURVEY,,VA,,
VIRGINIA,TOTAL,ALL PRODUCTION PRACTICES,09,,VIRGINIA,9000,1993,,SLAUGHTERED,STATE,,,"TURKEYS, YOUNG, SLAUGHTER, FI - SLAUGHTERED, MEASURED IN HEAD",,TURKEYS,,NOT SPECIFIED,MONTHLY,UNITED STATES,2012-01-01 00:00:00,51,YOUNG,,POULTRY,"3,130,000",ANIMALS & PRODUCTS,HEAD,00000000,SEP,,51,"SLAUGHTER, FI",09,SURVEY,,VA,,
VIRGINIA,TOTAL,ALL PRODUCTION PRACTICES,10,,VIRGINIA,9000,1993,,SLAUGHTERED,STATE,,,"TURKEYS, YOUNG, SLAUGHTER, FI - SLAUGHTERED, MEASURED IN HEAD",,TURKEYS,,NOT SPECIFIED,MONTHLY,UNITED STATES,2012-01-01 00:00:00,51,YOUNG,,POULTRY,"3,243,000",ANIMALS & PRODUCTS,HEAD,00000000,OCT,,51,"SLAUGHTER, FI",10,SURVEY,,VA,,
VIRGINIA,TOTAL,ALL PRODUCTION PRACTICES,11,,VIRGINIA,9000,1993,,SLAUGHTERED,STATE,,,"TURKEYS, YOUNG, SLAUGHTER, FI - SLAUGHTERED, MEASURED IN HEAD",,TURKEYS,,NOT SPECIFIED,MONTHLY,UNITED STATES,2012-01-01 00:00:00,51,YOUNG,,POULTRY,"3,713,000",ANIMALS & PRODUCTS,HEAD,00000000,NOV,,51,"SLAUGHTER, FI",11,SURVEY,,VA,,
VIRGINIA,TOTAL,ALL PRODUCTION PRACTICES,12,,VIRGINIA,9000,1993,,SLAUGHTERED,STATE,,,"TURKEYS, YOUNG, SLAUGHTER, FI - SLAUGHTERED, MEASURED IN HEAD",,TURKEYS,,NOT SPECIFIED,MONTHLY,UNITED STATES,2012-01-01 00:00:00,51,YOUNG,,POULTRY,"2,780,000",ANIMALS & PRODUCTS,HEAD,00000000,DEC,,51,"SLAUGHTER, FI",12,SURVEY,,VA,,
VIRGINIA,TOTAL,ALL PRODUCTION PRACTICES,01,,VIRGINIA,9000,1992,,SLAUGHTERED,STATE,,,"TURKEYS, YOUNG, SLAUGHTER, FI - SLAUGHTERED, MEASURED IN HEAD",,TURKEYS,,NOT SPECIFIED,MONTHLY,UNITED STATES,2012-01-01 00:00:00,51,YOUNG,,POULTRY,"2,798,000",ANIMALS & PRODUCTS,HEAD,00000000,JAN,,51,"SLAUGHTER, FI",01,SURVEY,,VA,,
VIRGINIA,TOTAL,ALL PRODUCTION PRACTICES,02,,VIRGINIA,9000,1992,,SLAUGHTERED,STATE,,,"TURKEYS, YOUNG, SLAUGHTER, FI - SLAUGHTERED, MEASURED IN HEAD",,TURKEYS,,NOT SPECIFIED,MONTHLY,UNITED STATES,2012-01-01 00:00:00,51,YOUNG,,POULTRY,"2,318,000",ANIMALS & PRODUCTS,HEAD,00000000,FEB,,51,"SLAUGHTER, FI",02,SURVEY,,VA,,
VIRGINIA,TOTAL,ALL PRODUCTION PRACTICES,03,,VIRGINIA,9000,1992,,SLAUGHTERED,STATE,,,"TURKEYS, YOUNG, SLAUGHTER, FI - SLAUGHTERED, MEASURED IN HEAD",,TURKEYS,,NOT SPECIFIED,MONTHLY,UNITED STATES,2012-01-01 00:00:00,51,YOUNG,,POULTRY,"2,701,000",ANIMALS & PRODUCTS,HEAD,00000000,MAR,,51,"SLAUGHTER, FI",03,SURVEY,,VA,,
VIRGINIA,TOTAL,ALL PRODUCTION PRACTICES,04,,VIRGINIA,9000,1992,,SLAUGHTERED,STATE,,,"TURKEYS, YOUNG, SLAUGHTER, FI - SLAUGHTERED, MEASURED IN HEAD",,TURKEYS,,NOT SPECIFIED,MONTHLY,UNITED STATES,2012-01-01 00:00:00,51,YOUNG,,POULTRY,"2,713,000",ANIMALS & PRODUCTS,HEAD,00000000,APR,,51,"SLAUGHTER, FI",04,SURVEY,,VA,,
VIRGINIA,TOTAL,ALL PRODUCTION PRACTICES,05,,VIRGINIA,9000,1992,,SLAUGHTERED,STATE,,,"TURKEYS, YOUNG, SLAUGHTER, FI - SLAUGHTERED, MEASURED IN HEAD",,TURKEYS,,NOT SPECIFIED,MONTHLY,UNITED STATES,2012-01-01 00:00:00,51,YOUNG,,POULTRY,"2,721,000",ANIMALS & PRODUCTS,HEAD,00000000,MAY,,51,"SLAUGHTER, FI",05,SURVEY,,VA,,
VIRGINIA,TOTAL,ALL PRODUCTION PRACTICES,06,,VIRGINIA,9000,1992,,SLAUGHTERED,STATE,,,"TURKEYS, YOUNG, SLAUGHTER, FI - SLAUGHTERED, MEASURED IN HEAD",,TURKEYS,,NOT SPECIFIED,MONTHLY,UNITED STATES,2012-01-01 00:00:00,51,YOUNG,,POULTRY,"3,042,000",ANIMALS & PRODUCTS,HEAD,00000000,JUN,,51,"SLAUGHTER, FI",06,SURVEY,,VA,,
VIRGINIA,TOTAL,ALL PRODUCTION PRACTICES,07,,VIRGINIA,9000,1992,,SLAUGHTERED,STATE,,,"TURKEYS, YOUNG, SLAUGHTER, FI - SLAUGHTERED, MEASURED IN HEAD",,TURKEYS,,NOT SPECIFIED,MONTHLY,UNITED STATES,2012-01-01 00:00:00,51,YOUNG,,POULTRY,"3,204,000",ANIMALS & PRODUCTS,HEAD,00000000,JUL,,51,"SLAUGHTER, FI",07,SURVEY,,VA,,
VIRGINIA,TOTAL,ALL PRODUCTION PRACTICES,08,,VIRGINIA,9000,1992,,SLAUGHTERED,STATE,,,"TURKEYS, YOUNG, SLAUGHTER, FI - SLAUGHTERED, MEASURED IN HEAD",,TURKEYS,,NOT SPECIFIED,MONTHLY,UNITED STATES,2012-01-01 00:00:00,51,YOUNG,,POULTRY,"2,804,000",ANIMALS & PRODUCTS,HEAD,00000000,AUG,,51,"SLAUGHTER, FI",08,SURVEY,,VA,,
VIRGINIA,TOTAL,ALL PRODUCTION PRACTICES,09,,VIRGINIA,9000,1992,,SLAUGHTERED,STATE,,,"TURKEYS, YOUNG, SLAUGHTER, FI - SLAUGHTERED, MEASURED IN HEAD",,TURKEYS,,NOT SPECIFIED,MONTHLY,UNITED STATES,2012-01-01 00:00:00,51,YOUNG,,POULTRY,"2,894,000",ANIMALS & PRODUCTS,HEAD,00000000,SEP,,51,"SLAUGHTER, FI",09,SURVEY,,VA,,
VIRGINIA,TOTAL,ALL PRODUCTION PRACTICES,10,,VIRGINIA,9000,1992,,SLAUGHTERED,STATE,,,"TURKEYS, YOUNG, SLAUGHTER, FI - SLAUGHTERED, MEASURED IN HEAD",,TURKEYS,,NOT SPECIFIED,MONTHLY,UNITED STATES,2012-01-01 00:00:00,51,YOUNG,,POULTRY,"3,151,000",ANIMALS & PRODUCTS,HEAD,00000000,OCT,,51,"SLAUGHTER, FI",10,SURVEY,,VA,,
VIRGINIA,TOTAL,ALL PRODUCTION PRACTICES,11,,VIRGINIA,9000,1992,,SLAUGHTERED,STATE,,,"TURKEYS, YOUNG, SLAUGHTER, FI - SLAUGHTERED, MEASURED IN HEAD",,TURKEYS,,NOT SPECIFIED,MONTHLY,UNITED STATES,2012-01-01 00:00:00,51,YOUNG,,POULTRY,"2,867,000",ANIMALS & PRODUCTS,HEAD,00000000,NOV,,51,"SLAUGHTER, FI",11,SURVEY,,VA,,
VIRGINIA,TOTAL,ALL PRODUCTION PRACTICES,12,,VIRGINIA,9000,1992,,SLAUGHTERED,STATE,,,"TURKEYS, YOUNG, SLAUGHTER, FI - SLAUGHTERED, MEASURED IN HEAD",,TURKEYS,,NOT SPECIFIED,MONTHLY,UNITED STATES,2012-01-01 00:00:00,51,YOUNG,,POULTRY,"2,813,000",ANIMALS & PRODUCTS,HEAD,00000000,DEC,,51,"SLAUGHTER, FI",12,SURVEY,,VA,,
VIRGINIA,TOTAL,ALL PRODUCTION PRACTICES,01,,VIRGINIA,9000,1991,,SLAUGHTERED,STATE,,,"TURKEYS, YOUNG, SLAUGHTER, FI - SLAUGHTERED, MEASURED IN HEAD",,TURKEYS,,NOT SPECIFIED,MONTHLY,UNITED STATES,2012-01-01 00:00:00,51,YOUNG,,POULTRY,"2,537,000",ANIMALS & PRODUCTS,HEAD,00000000,JAN,,51,"SLAUGHTER, FI",01,SURVEY,,VA,,
VIRGINIA,TOTAL,ALL PRODUCTION PRACTICES,02,,VIRGINIA,9000,1991,,SLAUGHTERED,STATE,,,"TURKEYS, YOUNG, SLAUGHTER, FI - SLAUGHTERED, MEASURED IN HEAD",,TURKEYS,,NOT SPECIFIED,MONTHLY,UNITED STATES,2012-01-01 00:00:00,51,YOUNG,,POULTRY,"2,326,000",ANIMALS & PRODUCTS,HEAD,00000000,FEB,,51,"SLAUGHTER, FI",02,SURVEY,,VA,,
VIRGINIA,TOTAL,ALL PRODUCTION PRACTICES,03,,VIRGINIA,9000,1991,,SLAUGHTERED,STATE,,,"TURKEYS, YOUNG, SLAUGHTER, FI - SLAUGHTERED, MEASURED IN HEAD",,TURKEYS,,NOT SPECIFIED,MONTHLY,UNITED STATES,2012-01-01 00:00:00,51,YOUNG,,POULTRY,"2,349,000",ANIMALS & PRODUCTS,HEAD,00000000,MAR,,51,"SLAUGHTER, FI",03,SURVEY,,VA,,
VIRGINIA,TOTAL,ALL PRODUCTION PRACTICES,04,,VIRGINIA,9000,1991,,SLAUGHTERED,STATE,,,"TURKEYS, YOUNG, SLAUGHTER, FI - SLAUGHTERED, MEASURED IN HEAD",,TURKEYS,,NOT SPECIFIED,MONTHLY,UNITED STATES,2012-01-01 00:00:00,51,YOUNG,,POULTRY,"2,479,000",ANIMALS & PRODUCTS,HEAD,00000000,APR,,51,"SLAUGHTER, FI",04,SURVEY,,VA,,
VIRGINIA,TOTAL,ALL PRODUCTION PRACTICES,05,,VIRGINIA,9000,1991,,SLAUGHTERED,STATE,,,"TURKEYS, YOUNG, SLAUGHTER, FI - SLAUGHTERED, MEASURED IN HEAD",,TURKEYS,,NOT SPECIFIED,MONTHLY,UNITED STATES,2012-01-01 00:00:00,51,YOUNG,,POULTRY,"2,608,000",ANIMALS & PRODUCTS,HEAD,00000000,MAY,,51,"SLAUGHTER, FI",05,SURVEY,,VA,,
VIRGINIA,TOTAL,ALL PRODUCTION PRACTICES,06,,VIRGINIA,9000,1991,,SLAUGHTERED,STATE,,,"TURKEYS, YOUNG, SLAUGHTER, FI - SLAUGHTERED, MEASURED IN HEAD",,TURKEYS,,NOT SPECIFIED,MONTHLY,UNITED STATES,2012-01-01 00:00:00,51,YOUNG,,POULTRY,"2,456,000",ANIMALS & PRODUCTS,HEAD,00000000,JUN,,51,"SLAUGHTER, FI",06,SURVEY,,VA,,
VIRGINIA,TOTAL,ALL PRODUCTION PRACTICES,07,,VIRGINIA,9000,1991,,SLAUGHTERED,STATE,,,"TURKEYS, YOUNG, SLAUGHTER, FI - SLAUGHTERED, MEASURED IN HEAD",,TURKEYS,,NOT SPECIFIED,MONTHLY,UNITED STATES,2012-01-01 00:00:00,51,YOUNG,,POULTRY,"2,569,000",ANIMALS & PRODUCTS,HEAD,00000000,JUL,,51,"SLAUGHTER, FI",07,SURVEY,,VA,,
VIRGINIA,TOTAL,ALL PRODUCTION PRACTICES,08,,VIRGINIA,9000,1991,,SLAUGHTERED,STATE,,,"TURKEYS, YOUNG, SLAUGHTER, FI - SLAUGHTERED, MEASURED IN HEAD",,TURKEYS,,NOT SPECIFIED,MONTHLY,UNITED STATES,2012-01-01 00:00:00,51,YOUNG,,POULTRY,"2,670,000",ANIMALS & PRODUCTS,HEAD,00000000,AUG,,51,"SLAUGHTER, FI",08,SURVEY,,VA,,
VIRGINIA,TOTAL,ALL PRODUCTION PRACTICES,09,,VIRGINIA,9000,1991,,SLAUGHTERED,STATE,,,"TURKEYS, YOUNG, SLAUGHTER, FI - SLAUGHTERED, MEASURED IN HEAD",,TURKEYS,,NOT SPECIFIED,MONTHLY,UNITED STATES,2012-01-01 00:00:00,51,YOUNG,,POULTRY,"2,562,000",ANIMALS & PRODUCTS,HEAD,00000000,SEP,,51,"SLAUGHTER, FI",09,SURVEY,,VA,,
VIRGINIA,TOTAL,ALL PRODUCTION PRACTICES,10,,VIRGINIA,9000,1991,,SLAUGHTERED,STATE,,,"TURKEYS, YOUNG, SLAUGHTER, FI - SLAUGHTERED, MEASURED IN HEAD",,TURKEYS,,NOT SPECIFIED,MONTHLY,UNITED STATES,2012-01-01 00:00:00,51,YOUNG,,POULTRY,"2,875,000",ANIMALS & PRODUCTS,HEAD,00000000,OCT,,51,"SLAUGHTER, FI",10,SURVEY,,VA,,
VIRGINIA,TOTAL,ALL PRODUCTION PRACTICES,11,,VIRGINIA,9000,1991,,SLAUGHTERED,STATE,,,"TURKEYS, YOUNG, SLAUGHTER, FI - SLAUGHTERED, MEASURED IN HEAD",,TURKEYS,,NOT SPECIFIED,MONTHLY,UNITED STATES,2012-01-01 00:00:00,51,YOUNG,,POULTRY,"2,748,000",ANIMALS & PRODUCTS,HEAD,00000000,NOV,,51,"SLAUGHTER, FI",11,SURVEY,,VA,,
VIRGINIA,TOTAL,ALL PRODUCTION PRACTICES,12,,VIRGINIA,9000,1991,,SLAUGHTERED,STATE,,,"TURKEYS, YOUNG, SLAUGHTER, FI - SLAUGHTERED, MEASURED IN HEAD",,TURKEYS,,NOT SPECIFIED,MONTHLY,UNITED STATES,2012-01-01 00:00:00,51,YOUNG,,POULTRY,"2,563,000",ANIMALS & PRODUCTS,HEAD,00000000,DEC,,51,"SLAUGHTER, FI",12,SURVEY,,VA,,
VIRGINIA,TOTAL,ALL PRODUCTION PRACTICES,01,,VIRGINIA,9000,1990,,SLAUGHTERED,STATE,,,"TURKEYS, YOUNG, SLAUGHTER, FI - SLAUGHTERED, MEASURED IN HEAD",,TURKEYS,,NOT SPECIFIED,MONTHLY,UNITED STATES,2012-01-01 00:00:00,51,YOUNG,,POULTRY,"2,536,000",ANIMALS & PRODUCTS,HEAD,00000000,JAN,,51,"SLAUGHTER, FI",01,SURVEY,,VA,,
VIRGINIA,TOTAL,ALL PRODUCTION PRACTICES,02,,VIRGINIA,9000,1990,,SLAUGHTERED,STATE,,,"TURKEYS, YOUNG, SLAUGHTER, FI - SLAUGHTERED, MEASURED IN HEAD",,TURKEYS,,NOT SPECIFIED,MONTHLY,UNITED STATES,2012-01-01 00:00:00,51,YOUNG,,POULTRY,"2,255,000",ANIMALS & PRODUCTS,HEAD,00000000,FEB,,51,"SLAUGHTER, FI",02,SURVEY,,VA,,
VIRGINIA,TOTAL,ALL PRODUCTION PRACTICES,03,,VIRGINIA,9000,1990,,SLAUGHTERED,STATE,,,"TURKEYS, YOUNG, SLAUGHTER, FI - SLAUGHTERED, MEASURED IN HEAD",,TURKEYS,,NOT SPECIFIED,MONTHLY,UNITED STATES,2012-01-01 00:00:00,51,YOUNG,,POULTRY,"2,639,000",ANIMALS & PRODUCTS,HEAD,00000000,MAR,,51,"SLAUGHTER, FI",03,SURVEY,,VA,,
VIRGINIA,TOTAL,ALL PRODUCTION PRACTICES,04,,VIRGINIA,9000,1990,,SLAUGHTERED,STATE,,,"TURKEYS, YOUNG, SLAUGHTER, FI - SLAUGHTERED, MEASURED IN HEAD",,TURKEYS,,NOT SPECIFIED,MONTHLY,UNITED STATES,2012-01-01 00:00:00,51,YOUNG,,POULTRY,"2,319,000",ANIMALS & PRODUCTS,HEAD,00000000,APR,,51,"SLAUGHTER, FI",04,SURVEY,,VA,,
VIRGINIA,TOTAL,ALL PRODUCTION PRACTICES,05,,VIRGINIA,9000,1990,,SLAUGHTERED,STATE,,,"TURKEYS, YOUNG, SLAUGHTER, FI - SLAUGHTERED, MEASURED IN HEAD",,TURKEYS,,NOT SPECIFIED,MONTHLY,UNITED STATES,2012-01-01 00:00:00,51,YOUNG,,POULTRY,"2,604,000",ANIMALS & PRODUCTS,HEAD,00000000,MAY,,51,"SLAUGHTER, FI",05,SURVEY,,VA,,
VIRGINIA,TOTAL,ALL PRODUCTION PRACTICES,06,,VIRGINIA,9000,1990,,SLAUGHTERED,STATE,,,"TURKEYS, YOUNG, SLAUGHTER, FI - SLAUGHTERED, MEASURED IN HEAD",,TURKEYS,,NOT SPECIFIED,MONTHLY,UNITED STATES,2012-01-01 00:00:00,51,YOUNG,,POULTRY,"2,501,000",ANIMALS & PRODUCTS,HEAD,00000000,JUN,,51,"SLAUGHTER, FI",06,SURVEY,,VA,,
VIRGINIA,TOTAL,ALL PRODUCTION PRACTICES,07,,VIRGINIA,9000,1990,,SLAUGHTERED,STATE,,,"TURKEYS, YOUNG, SLAUGHTER, FI - SLAUGHTERED, MEASURED IN HEAD",,TURKEYS,,NOT SPECIFIED,MONTHLY,UNITED STATES,2012-01-01 00:00:00,51,YOUNG,,POULTRY,"2,422,000",ANIMALS & PRODUCTS,HEAD,00000000,JUL,,51,"SLAUGHTER, FI",07,SURVEY,,VA,,
VIRGINIA,TOTAL,ALL PRODUCTION PRACTICES,08,,VIRGINIA,9000,1990,,SLAUGHTERED,STATE,,,"TURKEYS, YOUNG, SLAUGHTER, FI - SLAUGHTERED, MEASURED IN HEAD",,TURKEYS,,NOT SPECIFIED,MONTHLY,UNITED STATES,2012-01-01 00:00:00,51,YOUNG,,POULTRY,"2,867,000",ANIMALS & PRODUCTS,HEAD,00000000,AUG,,51,"SLAUGHTER, FI",08,SURVEY,,VA,,
VIRGINIA,TOTAL,ALL PRODUCTION PRACTICES,09,,VIRGINIA,9000,1990,,SLAUGHTERED,STATE,,,"TURKEYS, YOUNG, SLAUGHTER, FI - SLAUGHTERED, MEASURED IN HEAD",,TURKEYS,,NOT SPECIFIED,MONTHLY,UNITED STATES,2012-01-01 00:00:00,51,YOUNG,,POULTRY,"2,445,000",ANIMALS & PRODUCTS,HEAD,00000000,SEP,,51,"SLAUGHTER, FI",09,SURVEY,,VA,,
VIRGINIA,TOTAL,ALL PRODUCTION PRACTICES,10,,VIRGINIA,9000,1990,,SLAUGHTERED,STATE,,,"TURKEYS, YOUNG, SLAUGHTER, FI - SLAUGHTERED, MEASURED IN HEAD",,TURKEYS,,NOT SPECIFIED,MONTHLY,UNITED STATES,2012-01-01 00:00:00,51,YOUNG,,POULTRY,"2,899,000",ANIMALS & PRODUCTS,HEAD,00000000,OCT,,51,"SLAUGHTER, FI",10,SURVEY,,VA,,
VIRGINIA,TOTAL,ALL PRODUCTION PRACTICES,11,,VIRGINIA,9000,1990,,SLAUGHTERED,STATE,,,"TURKEYS, YOUNG, SLAUGHTER, FI - SLAUGHTERED, MEASURED IN HEAD",,TURKEYS,,NOT SPECIFIED,MONTHLY,UNITED STATES,2012-01-01 00:00:00,51,YOUNG,,POULTRY,"2,883,000",ANIMALS & PRODUCTS,HEAD,00000000,NOV,,51,"SLAUGHTER, FI",11,SURVEY,,VA,,
VIRGINIA,TOTAL,ALL PRODUCTION PRACTICES,12,,VIRGINIA,9000,1990,,SLAUGHTERED,STATE,,,"TURKEYS, YOUNG, SLAUGHTER, FI - SLAUGHTERED, MEASURED IN HEAD",,TURKEYS,,NOT SPECIFIED,MONTHLY,UNITED STATES,2012-01-01 00:00:00,51,YOUNG,,POULTRY,"2,248,000",ANIMALS & PRODUCTS,HEAD,00000000,DEC,,51,"SLAUGHTER, FI",12,SURVEY,,VA,,
VIRGINIA,TOTAL,ALL PRODUCTION PRACTICES,01,,VIRGINIA,9000,1989,,SLAUGHTERED,STATE,,,"TURKEYS, YOUNG, SLAUGHTER, FI - SLAUGHTERED, MEASURED IN HEAD",,TURKEYS,,NOT SPECIFIED,MONTHLY,UNITED STATES,2012-01-01 00:00:00,51,YOUNG,,POULTRY,"2,010,000",ANIMALS & PRODUCTS,HEAD,00000000,JAN,,51,"SLAUGHTER, FI",01,SURVEY,,VA,,
VIRGINIA,TOTAL,ALL PRODUCTION PRACTICES,02,,VIRGINIA,9000,1989,,SLAUGHTERED,STATE,,,"TURKEYS, YOUNG, SLAUGHTER, FI - SLAUGHTERED, MEASURED IN HEAD",,TURKEYS,,NOT SPECIFIED,MONTHLY,UNITED STATES,2012-01-01 00:00:00,51,YOUNG,,POULTRY,"1,721,000",ANIMALS & PRODUCTS,HEAD,00000000,FEB,,51,"SLAUGHTER, FI",02,SURVEY,,VA,,
VIRGINIA,TOTAL,ALL PRODUCTION PRACTICES,03,,VIRGINIA,9000,1989,,SLAUGHTERED,STATE,,,"TURKEYS, YOUNG, SLAUGHTER, FI - SLAUGHTERED, MEASURED IN HEAD",,TURKEYS,,NOT SPECIFIED,MONTHLY,UNITED STATES,2012-01-01 00:00:00,51,YOUNG,,POULTRY,"1,758,000",ANIMALS & PRODUCTS,HEAD,00000000,MAR,,51,"SLAUGHTER, FI",03,SURVEY,,VA,,
VIRGINIA,TOTAL,ALL PRODUCTION PRACTICES,04,,VIRGINIA,9000,1989,,SLAUGHTERED,STATE,,,"TURKEYS, YOUNG, SLAUGHTER, FI - SLAUGHTERED, MEASURED IN HEAD",,TURKEYS,,NOT SPECIFIED,MONTHLY,UNITED STATES,2012-01-01 00:00:00,51,YOUNG,,POULTRY,"1,851,000",ANIMALS & PRODUCTS,HEAD,00000000,APR,,51,"SLAUGHTER, FI",04,SURVEY,,VA,,
VIRGINIA,TOTAL,ALL PRODUCTION PRACTICES,05,,VIRGINIA,9000,1989,,SLAUGHTERED,STATE,,,"TURKEYS, YOUNG, SLAUGHTER, FI - SLAUGHTERED, MEASURED IN HEAD",,TURKEYS,,NOT SPECIFIED,MONTHLY,UNITED STATES,2012-01-01 00:00:00,51,YOUNG,,POULTRY,"2,246,000",ANIMALS & PRODUCTS,HEAD,00000000,MAY,,51,"SLAUGHTER, FI",05,SURVEY,,VA,,
VIRGINIA,TOTAL,ALL PRODUCTION PRACTICES,06,,VIRGINIA,9000,1989,,SLAUGHTERED,STATE,,,"TURKEYS, YOUNG, SLAUGHTER, FI - SLAUGHTERED, MEASURED IN HEAD",,TURKEYS,,NOT SPECIFIED,MONTHLY,UNITED STATES,2012-01-01 00:00:00,51,YOUNG,,POULTRY,"2,339,000",ANIMALS & PRODUCTS,HEAD,00000000,JUN,,51,"SLAUGHTER, FI",06,SURVEY,,VA,,
VIRGINIA,TOTAL,ALL PRODUCTION PRACTICES,07,,VIRGINIA,9000,1989,,SLAUGHTERED,STATE,,,"TURKEYS, YOUNG, SLAUGHTER, FI - SLAUGHTERED, MEASURED IN HEAD",,TURKEYS,,NOT SPECIFIED,MONTHLY,UNITED STATES,2012-01-01 00:00:00,51,YOUNG,,POULTRY,"2,257,000",ANIMALS & PRODUCTS,HEAD,00000000,JUL,,51,"SLAUGHTER, FI",07,SURVEY,,VA,,
VIRGINIA,TOTAL,ALL PRODUCTION PRACTICES,08,,VIRGINIA,9000,1989,,SLAUGHTERED,STATE,,,"TURKEYS, YOUNG, SLAUGHTER, FI - SLAUGHTERED, MEASURED IN HEAD",,TURKEYS,,NOT SPECIFIED,MONTHLY,UNITED STATES,2012-01-01 00:00:00,51,YOUNG,,POULTRY,"2,581,000",ANIMALS & PRODUCTS,HEAD,00000000,AUG,,51,"SLAUGHTER, FI",08,SURVEY,,VA,,
VIRGINIA,TOTAL,ALL PRODUCTION PRACTICES,09,,VIRGINIA,9000,1989,,SLAUGHTERED,STATE,,,"TURKEYS, YOUNG, SLAUGHTER, FI - SLAUGHTERED, MEASURED IN HEAD",,TURKEYS,,NOT SPECIFIED,MONTHLY,UNITED STATES,2012-01-01 00:00:00,51,YOUNG,,POULTRY,"2,291,000",ANIMALS & PRODUCTS,HEAD,00000000,SEP,,51,"SLAUGHTER, FI",09,SURVEY,,VA,,
VIRGINIA,TOTAL,ALL PRODUCTION PRACTICES,10,,VIRGINIA,9000,1989,,SLAUGHTERED,STATE,,,"TURKEYS, YOUNG, SLAUGHTER, FI - SLAUGHTERED, MEASURED IN HEAD",,TURKEYS,,NOT SPECIFIED,MONTHLY,UNITED STATES,2012-01-01 00:00:00,51,YOUNG,,POULTRY,"2,523,000",ANIMALS & PRODUCTS,HEAD,00000000,OCT,,51,"SLAUGHTER, FI",10,SURVEY,,VA,,
VIRGINIA,TOTAL,ALL PRODUCTION PRACTICES,11,,VIRGINIA,9000,1989,,SLAUGHTERED,STATE,,,"TURKEYS, YOUNG, SLAUGHTER, FI - SLAUGHTERED, MEASURED IN HEAD",,TURKEYS,,NOT SPECIFIED,MONTHLY,UNITED STATES,2012-01-01 00:00:00,51,YOUNG,,POULTRY,"2,727,000",ANIMALS & PRODUCTS,HEAD,00000000,NOV,,51,"SLAUGHTER, FI",11,SURVEY,,VA,,
VIRGINIA,TOTAL,ALL PRODUCTION PRACTICES,12,,VIRGINIA,9000,1989,,SLAUGHTERED,STATE,,,"TURKEYS, YOUNG, SLAUGHTER, FI - SLAUGHTERED, MEASURED IN HEAD",,TURKEYS,,NOT SPECIFIED,MONTHLY,UNITED STATES,2012-01-01 00:00:00,51,YOUNG,,POULTRY,"2,127,000",ANIMALS & PRODUCTS,HEAD,00000000,DEC,,51,"SLAUGHTER, FI",12,SURVEY,,VA,,
